Air Force,26,0.769,31,19.8,-1.84,0,0.99,0.11,0.96,0.992567535,0.115,0.5,0.59,0.49,0.5957
Akron,26,0.167,19.8,39.5,-4.41,0,-1.01,-1.92,-2.52,1.20049992,0.257,-0.5,0.85,0.73,0.5098
Alabama,1,0.867,39.9,20.1,5.69,1,1.7,1,1.64,1.578511172,0.095,0.3,0.33,0.77,0.5069
Appalachian State,26,0.714,34.5,22.1,-2.43,0,0.29,0.28,0.85,1.437156353,0.119,-0.3,0.67,0.88,0.5444
Arizona,26,0.083,17.2,31.4,1.44,0,-0.46,-0.51,-1.49,1.335703497,0.211,-1.5,0.75,0.77,0.5181
Arizona State,26,0.615,28.4,20.8,-0.74,25,0.36,0.37,0.9,1.586244191,0.089,-0.3,0.86,0.82,0.4721
Arkansas,21,0.692,30.9,22.9,4.62,0,0.75,0.56,0.65,1.561817616,0.15,0.6,0.7,0.85,0.4845
Arkansas State,26,0.167,25.3,38.6,-3.97,0,-0.5,-1.25,-1.81,1.18621646,0.256,-0.5,0.48,0.75,0.4671
Army,26,0.692,32.8,22.3,-1.53,0,0.68,-0.09,-0.38,1.129673444,0.139,0.6,0.79,0.76,0.5587
Auburn,26,0.462,28.3,21.8,5.73,0,0.63,0.51,-0.01,1.341447616,0.121,-0.1,0.73,0.72,0.518
BYU,13,0.769,33.1,24.8,0.29,0,1.18,-0.31,0.97,1.66465728,0.134,0.7,0.47,0.16,0.4716
Ball State,26,0.462,24.1,28.4,-2.56,0,-0.52,-0.46,-0.84,1.152836773,0.106,0.6,0.8,0.76,0.4942
Baylor,7,0.857,31.6,18.3,3.28,0,0.55,0.85,0.9,1.24547902,0.122,0.8,0.59,0.85,0.5217
Boise State,26,0.583,29.2,19,2.02,0,0.15,0.48,0.09,1.127895847,0.124,0.7,0.75,0.42,0.485
Boston College,26,0.5,24.7,22.2,-1.5,0,-0.39,-0.02,-0.53,1.161934352,0.135,-0.2,0.84,0.66,0.5153
Bowling Green,26,0.333,21.4,30.7,-4.83,0,-1.4,-0.32,-0.89,1.258332477,0.14,0,0.59,0.78,0.5213
Buffalo,26,0.333,29.3,29.9,-5.58,0,-0.45,-1.09,-1.18,1.23741411,0.24,-0.5,0.52,0.56,0.5017
California,26,0.417,23.8,22.3,-2.07,0,-0.23,0.24,0.39,1.071712234,0.115,0.9,0.75,0.87,0.4905
Central Michigan,26,0.692,32.3,25.8,-4.57,0,-0.27,-0.26,0.15,1.093925329,0.147,0,0.84,0.79,0.5048
Charlotte,26,0.417,27.2,34,-5.93,0,0,-1.78,-1.29,1.161692329,0.295,-0.5,0.66,0.46,0.5371
Cincinnati,4,0.929,36.9,16.9,0.2,8,0.66,0.86,2.18,1.074151536,0.043,0.8,0.82,0.73,0.4457
Clemson,19,0.769,26.3,14.8,2.66,3,-0.23,1.04,0.67,1.229900966,0.057,0.1,0.46,0.92,0.4999
Coastal Carolina,26,0.846,40.9,21.6,-8.94,22,0.9,-0.56,1.73,1.541073795,0.124,0.3,0.7,0.91,0.5007
Colorado,26,0.333,18.8,26.7,1.65,0,-0.66,-0.12,-1.9,1.219354858,0.169,0.5,0.86,0.81,0.4732
Colorado State,26,0.25,23.7,28.3,-2.16,0,-0.43,-0.03,-0.16,1.233375897,0.141,-0.3,0.6,0.64,0.5363
Connecticut,26,0.083,15.6,38.5,-2.59,0,-1.29,-1.38,-2.52,0,0.208,-0.9,-1,-1,0.4823
Duke,26,0.25,22.8,39.8,-0.76,0,-0.99,-0.94,-2.25,1.358344079,0.306,-0.6,0.51,0.62,0.4927
East Carolina,26,0.583,29.7,26.3,-0.83,0,0.25,-0.02,-0.46,1.402876429,0.168,0.1,0.71,0.78,0.5153
Eastern Michigan,26,0.538,30.2,30,-4.8,0,-0.03,-0.95,-0.52,1.317514648,0.153,0.3,0.78,0.64,0.4903
Florida,26,0.462,30.7,26.8,2.14,13,0.25,0.47,0.66,1.427135986,0.15,-0.8,0.41,0.7,0.5035
Florida Atlantic,26,0.417,25.4,25.8,-3.9,0,-0.49,-0.19,-0.19,1.240249106,0.149,0.2,0.76,0.51,0.4464
Florida International,26,0.083,20.3,39.7,-4.86,0,-0.98,-1.59,-1.52,1.400385964,0.225,-1.1,0.48,0.64,0.4737
Florida State,26,0.417,27.6,26.5,2.22,0,0.36,0.22,0.79,1.078923511,0.145,-0.1,0.84,0.62,0.4641
Fresno State,26,0.769,33.4,20.5,-3.89,0,0.08,0.24,0.52,1.510383646,0.136,0.1,0.74,0.78,0.5184
Georgia,3,0.933,38.6,10.2,5.62,5,1.58,1.93,3.33,1.219706755,0.046,0.4,0.84,0.39,0.5042
Georgia Southern,26,0.25,20.3,31.4,-2.34,0,-0.76,-0.57,-1.4,0.966056302,0.24,-0.7,0.46,0.56,0.527
Georgia State,26,0.615,28.2,27.1,-2.98,0,-0.14,0.02,-0.01,1.520588047,0.114,0.5,0.85,0.76,0.4573
Georgia Tech,26,0.25,24,33.5,3.68,0,-0.17,-0.83,-1.16,1.149743004,0.216,-0.4,0.84,0.82,0.5075
Hawaii,26,0.462,28.8,31.4,-3.58,0,-0.54,-0.37,0.06,1.165249433,0.149,-0.2,0.55,0.77,0.4471
Houston,20,0.857,35.9,20.4,-3.26,0,0.16,0.44,0.67,1.453475491,0.134,0.6,0.71,0.65,0.5553
Illinois,26,0.417,20.2,21.9,4.61,0,-0.41,0.35,-0.43,1.630380903,0.1,0.4,0.8,0.61,0.4835
Indiana,26,0.167,17.3,33.3,8.63,17,-0.65,-0.17,-1.39,0.942435212,0.139,-1.3,0.8,0.81,0.5323
Iowa,15,0.714,23.4,19.2,5.1,18,-0.34,1.01,0.4,1.04550458,0.064,0.9,0.69,0.76,0.5047
Iowa State,26,0.538,31.3,20.5,3.16,7,0.8,0.51,1.34,1.599411944,0.087,-0.1,0.94,0.81,0.516
Kansas,26,0.167,20.8,42.2,3.47,0,-0.16,-1.57,-1.97,1.54824939,0.252,0.3,0.61,0.66,0.5496
Kansas State,26,0.615,27.5,21,2.43,0,0.83,0.57,1.14,2.306533175,0.072,0.3,0.81,0.64,0.4996
Kent State,26,0.5,33,36.3,-3.45,0,0.17,-1.44,-0.26,0.893147726,0.211,0.7,0.5,0.5,0.4118
Kentucky,22,0.769,32.3,21.7,0.5,0,0.94,0.29,1.19,1.296721383,0.093,-0.8,0.6,0.6,0.5752
LSU,26,0.462,26.5,26.6,5.28,16,0.31,0.2,-0.37,0.982486063,0.15,-0.4,0.82,0.76,0.4939
Liberty,26,0.615,33.6,21.5,-3.51,0,0.34,0.1,1.3,1.061708425,0.078,-0.9,0.95,0.79,0.5065
Louisiana Tech,26,0.25,28,34,-2.98,0,-0.36,-0.35,-0.28,1.208409402,0.178,-0.3,0.48,0.65,0.4812
Louisiana,23,0.929,31.1,18.5,-4.82,23,0.41,0.08,1.26,1.563835562,0.121,1.2,0.93,0.98,0.4967
Louisiana-Monroe,26,0.333,20.9,33.5,-1.99,0,-0.64,-0.6,-1.41,0.585109163,0.185,-0.1,0.64,0.55,0.4417
Louisville,26,0.462,31.6,27.3,2.88,0,0.67,-0.22,0.53,1.5218588,0.136,0,0.73,0.5,0.5294
Marshall,26,0.538,33,23.8,-3.17,0,0.18,0.16,0.94,1.605616905,0.106,-0.5,0.52,0.57,0.4523
Maryland,26,0.538,29.3,30.7,4.36,0,0.47,-0.6,-0.12,1.037144734,0.211,-0.7,0.86,0.85,0.4345
Massachusetts,26,0.083,16.3,43.1,-4.02,0,-1.15,-1.84,-2.83,1.318261826,0.29,-0.8,0.88,0.71,0.5092
Memphis,26,0.5,30.1,29.3,-1.94,0,0.26,-0.36,0.89,1.394803081,0.122,-0.5,0.63,0.73,0.4347
Miami (FL),26,0.583,34.1,28.4,3.26,14,0.34,0.05,0.46,1.558202788,0.143,-0.6,0.95,0.86,0.4078
Miami (OH),26,0.538,28.9,23.1,-4.42,0,-0.18,-0.25,0.56,1.476918034,0.145,0.5,0.75,0.45,0.486
Michigan,2,0.857,35.8,17.4,6.23,0,1.16,0.66,1.52,1.450533607,0.098,0.1,0.77,0.7,0.5266
Michigan State,10,0.846,31.8,25.3,5.26,0,0.58,0.14,0.34,1.300905585,0.131,0.3,0.8,0.59,0.493
Middle Tennessee State,26,0.538,29.8,25.7,-5.5,0,-0.67,-0.07,-0.54,0.822856794,0.111,0.5,0.56,0.7,0.5194
Minnesota,26,0.692,25.5,17.3,2.94,0,0.45,0.52,0.64,1.239794673,0.078,0.2,0.75,0.84,0.5914
Ole Miss,8,0.769,33.7,24.7,4.05,0,0.96,0.43,0.47,1.361136069,0.115,0.8,0.78,0.83,0.4754
Mississippi State,26,0.538,29.1,25.9,3.48,0,0.69,0.34,-0.16,2.045904585,0.137,-0.1,0.72,0.85,0.5669
Missouri,26,0.462,29.1,33.8,3.22,0,0.2,-0.75,-0.92,1.374389161,0.209,0.2,0.82,0.62,0.5221
Navy,26,0.333,20.1,28.3,4.3,0,-0.18,-0.14,-1.7,0.773038446,0.174,0.5,0.56,0.74,0.5763
Nebraska,26,0.25,27.9,22.7,6.6,0,0.6,0.61,0.88,0.909757043,0.076,-0.5,0.56,0.88,0.4538
Nevada,26,0.615,35.7,26.5,-1.99,0,0.34,-0.06,0.28,1.376839033,0.104,1.1,0.82,0.64,0.5032
New Mexico,26,0.25,12.2,28.4,-1.08,0,-1.45,-0.41,-2.03,1.33670147,0.185,-0.7,0.56,0.42,0.515
New Mexico State,26,0.167,22.6,40.4,-2.87,0,-0.65,-1.47,-3.08,0,0.342,0.1,-1,-1,0.547
North Carolina,26,0.462,35.2,32.1,2.15,10,0.72,-0.5,0.43,1.368425568,0.182,0,0.77,0.81,0.4911
North Carolina State,26,0.75,33.1,19.7,0.39,0,0.28,0.67,0.77,1.247685508,0.105,0.5,0.63,0.9,0.5195
North Texas,26,0.462,27.5,27.5,-4.13,0,-0.47,-0.27,-0.66,1.702996254,0.152,-0.2,0.67,0.68,0.4988
Northern Illinois,26,0.643,32.2,33.7,-3.04,0,0.1,-1.03,-1,1.240164815,0.217,-0.5,0.53,0.87,0.572
Northwestern,26,0.25,16.6,29,3.7,0,-0.5,-0.58,-1.5,1.150937862,0.172,-0.5,0.29,0.39,0.4517
Notre Dame,5,0.846,35.2,19.7,3.85,9,0.75,0.75,0.94,1.314489814,0.154,0.7,0.44,0.53,0.5462
Ohio,26,0.25,22.6,30.3,-5.48,0,-0.49,-1.09,-0.18,1.546829852,0.139,-0.7,0.55,0.7,0.5499
Ohio State,6,0.846,45.7,22.8,5.53,4,2.08,0.22,2.85,1.549692525,0.124,0.7,0.55,0.44,0.4715
Oklahoma,16,0.846,39.1,25.8,2.68,2,1.06,0,0.64,1.435324957,0.135,0.7,0.78,0.75,0.4468
Oklahoma State,9,0.857,31.1,18.1,4.42,0,0.51,1.24,1.03,1.328983998,0.121,0,0.65,0.8,0.4651
Old Dominion,26,0.462,27.6,27.8,-4.39,0,-0.83,-0.24,-0.53,0,0.159,-0.7,-1,-1,0.4677
Oregon,14,0.714,31.4,27,1.93,11,0.96,0.03,0.92,1.349529834,0.098,0.4,0.87,0.84,0.4905
Oregon State,26,0.538,31.2,25.8,0.09,0,0.72,-0.42,0.26,0.92384326,0.161,0,0.94,0.79,0.5232
Penn State,26,0.538,25,17.3,5.53,19,0.12,0.84,0.28,1.267856476,0.085,0.5,0.74,0.82,0.45
Pitt,12,0.786,41.4,23.6,0.32,0,0.34,0.55,1.28,0,0.127,0.5,0.82,0.64,0.4965
Purdue,26,0.692,29.1,22.4,5.81,0,0.62,0.45,0.43,1.165980631,0.196,-0.2,0.85,0.7,0.5338
Rice,26,0.333,21.5,36.2,-1.52,0,-0.58,-0.76,-1.93,1.150285555,0.263,-0.1,0.59,0.79,0.5533
Rutgers,26,0.385,19.7,25.6,4.06,0,-0.8,-0.04,-1.88,1.35496894,0.145,0.2,0.67,0.61,0.4807
SMU,26,0.667,38.4,28.4,-1.82,0,0.52,-0.31,0.29,1.288178997,0.177,-0.6,0.5,0.59,0.5105
San Diego State,24,0.857,27.4,19.8,-2.48,0,-0.52,0.64,0.18,1.25073488,0.1,0.5,0.61,0.42,0.5278
San Jose State,26,0.417,20,26.5,-3.19,0,-1.04,0.08,-0.52,0,0.083,-0.9,0.59,0.74,0.4595
South Alabama,26,0.417,24.9,26.4,-6.06,0,-0.52,-0.29,-0.27,1.400812529,0.133,0.7,0.79,0.67,0.5607
South Carolina,26,0.538,22.6,24,3.31,0,-0.46,0.3,-0.84,1.208744441,0.117,-0.1,0.54,0.4,0.5007
South Florida,26,0.167,23.2,34.7,1.59,0,-0.23,-1.11,-2.45,1.273930601,0.263,-0.4,0.51,0.68,0.5199
Southern Mississippi,26,0.25,17.7,27.9,-4.62,0,-1.56,-0.09,-2.22,1.438385373,0.198,-0.7,0.57,0.77,0.5324
Stanford,26,0.25,20.4,32.4,3.72,0,-0.22,-0.42,-1.18,1.533491089,0.161,-0.8,0.45,0.65,0.4841
Syracuse,26,0.417,24.9,26.3,1.74,0,0.05,-0.14,-0.04,1.056203433,0.121,-0.4,0.83,0.76,0.4917
Texas Christian,26,0.417,28.7,34.9,3.63,0,0.52,-1.01,-1.14,1.205332796,0.278,-0.3,0.87,0.7,0.485
Temple,26,0.25,16.3,37.5,-1.61,0,-0.92,-1.17,-1.32,1.115607574,0.17,-0.6,0.41,0.43,0.4348
Tennessee,26,0.538,39.3,29.1,3.5,0,1.14,-0.11,0.97,1.099127897,0.126,0,0.53,0.54,0.359
Texas,26,0.417,35.3,31.1,4.86,21,0.54,0.04,0.01,0.950444667,0.173,-0.3,0.53,0.69,0.4682
Texas A&M,25,0.667,29.3,15.9,1.27,6,0.21,0.9,1.14,1.438223718,0.074,-0.1,0.46,0.74,0.5075
Texas State,26,0.333,23.1,33,-5.7,0,-0.72,-0.83,-0.81,1.310494844,0.122,-0.8,0.82,0.74,0.4894
Texas Tech,26,0.538,30.3,30.2,2.26,0,0.7,-0.52,0.53,1.503323534,0.168,-0.1,0.63,0.74,0.5039
Toledo,26,0.538,33.4,21.8,-6.34,0,-0.25,0.25,1.4,1.368594122,0.11,0.8,0.5,0.71,0.4313
Troy,26,0.417,22.8,26.1,-4.03,0,-0.72,-0.34,-0.1,1.51707915,0.107,0,0.7,0.94,0.4653
Tulane,26,0.167,27.6,34,2.89,0,-0.07,-0.46,-0.48,1.170280775,0.152,-0.9,0.74,0.53,0.4413
Tulsa,26,0.538,26.4,26.6,-0.29,0,-0.23,0.26,0.2,1.432079764,0.12,-0.2,0.58,0.53,0.49
UAB,26,0.692,29.5,23.2,-2.09,0,0.42,-0.11,0.68,1.573154859,0.104,0.4,0.52,0.57,0.5042
UCF,26,0.692,31.9,24.5,-2.08,0,0.09,0.27,0.75,1.218495618,0.102,0.4,0.74,0.62,0.4345
UCLA,26,0.667,36.5,26.8,-0.25,0,0.99,-0.13,0.74,2.211436306,0.131,0.5,0.95,0.88,0.4619
Nevada-Las Vegas,26,0.167,20.8,32.8,0.32,0,-0.44,-0.6,-0.96,1.122289885,0.168,-0.5,0.46,0.79,0.4729
USC,26,0.333,28.7,31.8,1.8,15,0.37,-0.7,-0.92,1.288213364,0.192,-0.1,0.69,0.69,0.5291
UTEP,26,0.538,25.1,25.2,-5.61,0,-0.34,-0.21,0.97,1.353627941,0.124,-0.9,0.74,0.51,0.5497
UTSA,26,0.857,36.9,24.6,-3.21,0,0.7,-0.18,0.57,1.214374185,0.155,0.9,0.87,0.71,0.4941
Utah,11,0.714,36.1,22.6,1.62,24,1.09,0.51,1.31,1.330953418,0.098,0.1,0.81,0.91,0.5075
Utah State,26,0.786,32.6,24.4,-3.04,0,0.28,0.02,0.18,1.3864875,0.186,0,0.67,0.61,0.4374
Vanderbilt,26,0.167,15.8,35.8,1.3,0,-0.44,-0.73,-2.14,1.274888672,0.205,0,0.75,0.57,0.5127
Virginia,26,0.5,34.6,31.8,2.57,0,0.94,-0.78,-0.06,1.423123326,0.218,-0.4,0.72,0.61,0.5408
Virginia Tech,26,0.462,23.7,25.3,0.67,0,-0.17,-0.16,-0.35,1.246000819,0.151,0.3,0.69,0.67,0.5637
Wake Forest,17,0.786,41,28.9,0.99,0,1,-0.07,0.37,2.214425499,0.182,0.7,0.88,0.74,0.4636
Washington,26,0.333,21.5,22.7,-0.9,20,-0.33,0.35,0.29,0.970115229,0.077,-0.4,0.91,0.73,0.4987
Washington State,26,0.538,27.8,24.2,-0.02,0,0.05,0.45,0.14,1.384024139,0.085,0.8,0.88,0.86,0.5516
West Virginia,26,0.462,25.2,23.8,3.85,0,-0.03,0.34,-0.48,1.396473305,0.151,-0.6,0.82,0.81,0.5383
Western Kentucky,26,0.643,44.2,29.4,-2.61,0,1.03,-0.35,1.42,1.140750516,0.146,0.7,0.67,0.56,0.4608
Western Michigan,26,0.615,32.5,28.2,-2.62,0,0.41,-0.39,0.11,1.587676751,0.203,-0.2,0.65,0.5,0.6344
Wisconsin,26,0.692,25.4,16.2,6.8,12,0.3,1.18,1.29,1.171444431,0.085,0.1,0.84,0.82,0.5783
Wyoming,26,0.538,25.4,23.7,-4.52,0,-0.19,-0.37,0.42,1.19593386,0.108,-0.3,0.79,0.79,0.4727
Air Force,26,0.5,24.3,15,-4.99,0,0.37,0.22,1.2,1.058453405,0.102,-0.3,0.46,0.38,0.5322
Akron,26,0.167,17.2,41.3,5.52,0,-0.94,-1.38,-2.66,1.387420786,0.294,-1.3,0.89,0.66,0.5441
Alabama,1,1,48.5,19.4,9.72,3,2.47,0.5,2.96,1.279230773,0.127,1.2,0.55,0.6,0.5113
Appalachian State,26,0.75,33.8,20,-5.95,0,0.47,0.56,1.43,1.239501404,0.096,1.1,0.87,0.53,0.5216
Arizona,26,0,17.4,39.8,1.12,0,-0.79,-0.79,-2.11,1.111323101,0.208,-0.5,0.66,0.79,0.4816
Arizona State,26,0.5,40.3,23.3,-4,0,1.01,0.25,1.8,1.381406324,0.091,1.1,0.5,0.76,0.4533
Arkansas,26,0.3,25.7,34.9,11.39,0,0.04,-0.15,0.05,1.191489396,0.113,-0.6,0.63,0.68,0.3901
Arkansas State,26,0.364,32.9,37.2,-3.77,0,0.43,-0.77,-0.29,1.453833465,0.25,-0.4,0.77,0.54,0.5037
Army,26,0.75,26.8,14.8,-7.59,0,-0.06,0.39,-0.58,1.102670742,0.069,-0.3,0.61,0.44,0.5543
Auburn,26,0.545,25.1,24.7,9.52,11,0.26,-0.33,-0.23,1.197144416,0.071,0.2,0.61,0.6,0.4609
BYU,16,0.917,43.5,15.3,-3.89,0,2.01,0.76,4.1,1.36728138,0.07,0,0.77,0.62,0.4891
Ball State,26,0.875,34.3,25.8,8.91,0,1,0.45,-0.01,1.180572835,0.149,0.7,0.68,0.81,0.4589
Baylor,26,0.222,23.3,29.2,5.81,0,-0.28,0.27,-1.17,1.277833434,0.15,0.8,0.7,0.32,0.4798
Boise State,26,0.714,33.9,27.1,-3.02,0,0.27,0.02,-0.22,1.16972429,0.108,0.1,0.54,0.75,0.5517
Boston College,26,0.545,27.8,28.4,-0.59,0,0.16,-0.44,-0.69,1.276954791,0.171,0.2,0.54,0.81,0.5285
Bowling Green,26,0,11.4,45,6.49,0,-1.6,-1.31,-1.72,1.142493311,0.222,-0.5,0.45,0.49,0.401
Buffalo,26,0.857,43.4,21.9,1.73,0,1.51,0.42,2.2,1.362890686,0.099,0.6,0.8,0.62,0.5432
California,26,0.25,20.3,26.5,-2.36,0,-0.7,0.32,-0.78,1.061604972,0.13,0.5,0.93,0.5,0.5599
Central Michigan,26,0.5,31.3,30.2,8.26,0,0,0.43,-0.58,1.262839696,0.16,-0.7,0.7,0.77,0.4839
Charlotte,26,0.333,27,32.5,-9.41,0,-0.25,-1.18,-1.09,1.342509705,0.21,-0.1,0.77,0.46,0.5285
Cincinnati,8,0.9,37.5,16.8,-1.28,20,0.49,1.03,1.46,1.377099273,0.094,0.4,0.69,0.76,0.5206
Clemson,2,0.833,43.5,20.2,1.07,1,1.16,1.02,1.59,1.352434402,0.113,0.9,0.6,0.51,0.5183
Coastal Carolina,12,0.917,37.2,20.3,-2.86,0,1.35,0.65,1.18,1.268790165,0.106,-0.1,0.88,0.62,0.531
Colorado,26,0.667,28.5,31.7,-0.66,0,0.09,-0.01,-0.64,1.318322207,0.188,0.3,0.36,0.62,0.5342
Colorado State,26,0.25,22.3,35.8,-2.56,0,-0.28,-0.54,-0.06,1.370231602,0.068,-0.9,0.76,0.63,0.4597
Connecticut,26,0,0,0,0,0,-1,-1,-2.52,-1,0.208,-0.5,-1,-1,-1
Duke,26,0.182,24.8,38.1,-1.6,0,-0.92,-0.59,-1.35,1.315792948,0.179,-1,0.56,0.73,0.4905
East Carolina,26,0.333,30.2,35.4,-1.98,0,-0.35,-0.14,-0.17,1.229692096,0.132,-0.1,0.87,0.79,0.5021
Eastern Michigan,26,0.333,33.2,36,9.13,0,0.49,-0.43,-0.39,1.302981147,0.176,0.4,0.4,0.49,0.5088
Florida,7,0.667,39.8,30.8,8.02,8,1.32,-0.07,1.81,1.313103243,0.14,0.1,0.63,0.67,0.5242
Florida Atlantic,26,0.556,18.9,17.4,-10.02,0,-1.04,0.16,0.08,1.287532946,0.103,1.5,0.59,0.43,0.474
Florida International,26,0,22.4,32.4,-10.38,0,-1.01,-0.9,-1.45,1.347041039,0.17,0.2,0.3,0.59,0.409
Florida State,26,0.333,25.8,36,-1.54,0,-0.33,-0.95,-1.46,1.333009829,0.207,-0.3,0.63,0.83,0.4729
Fresno State,26,0.5,32.8,30,-11.74,0,-0.08,-0.37,0.05,1.368985478,0.174,0.5,0.5,0.62,0.5358
Georgia,9,0.8,32.3,20,8.53,4,0.65,0.66,1.28,1.315135429,0.131,0.2,0.5,0.8,0.4811
Georgia Southern,26,0.615,27.2,20.8,-6.18,0,0.01,0.44,0.96,1.135538924,0.106,0.6,0.8,0.59,0.5671
Georgia State,26,0.6,33.3,31.7,-3.86,0,0.22,-0.01,0.14,1.341427412,0.177,0,0.53,0.83,0.5099
Georgia Tech,26,0.3,23.9,36.8,0.05,0,-0.29,-0.46,-0.35,1.36423773,0.144,-0.5,0.74,0.94,0.436
Hawaii,26,0.556,26.2,27.6,-4.2,0,0.12,-0.13,-0.24,1.165249433,0.149,-0.6,0.44,0.6,0.459
Houston,26,0.375,30,32,0.53,0,0.03,-0.05,-0.49,1.296774579,0.152,-0.5,0.73,0.93,0.5551
Illinois,26,0.25,20.1,34.9,4.36,0,-0.3,-0.89,-1.48,1.369413517,0.16,0.8,0.86,0.71,0.4581
Indiana,11,0.75,28.9,20.3,4.46,0,-0.11,0.87,0.06,1.235134722,0.117,0.2,0.74,0.82,0.5165
Iowa,15,0.75,31.8,16,1.77,24,0.02,0.79,1.11,1.100979583,0.043,0.7,0.5,0.56,0.5187
Iowa State,10,0.75,32.9,21.4,5.43,23,0.99,0.65,0.95,1.216536548,0.132,-0.2,0.62,0.73,0.558
Kansas,26,0,15.8,46,7.25,0,-0.95,-0.54,-3.02,1.273603685,0.227,-1,0.41,0.44,0.513
Kansas State,26,0.4,26.6,32.2,4.5,0,0.17,-0.4,-0.37,1.38956315,0.161,-0.1,0.59,0.63,0.4917
Kent State,26,0.75,49.8,38,-0.74,0,1.83,-1.3,1.11,1.30177877,0.238,0.5,0.68,0.57,0.4974
Kentucky,26,0.455,21.8,25.9,6.94,0,-0.42,0.09,-0.42,1.046775372,0.153,-0.2,0.68,0.78,0.5637
LSU,26,0.5,32,34.9,7.54,6,-0.33,-0.07,-1.9,1.188476154,0.273,0.8,0.3,0.54,0.4829
Liberty,26,0.909,38.2,20.5,-12.22,0,0.67,-0.27,1.33,1.307407409,0.149,0.1,0.44,0.59,0.5425
Louisiana Tech,26,0.5,26.7,34.7,-4.24,0,-0.92,-0.62,-1.81,1.202654794,0.216,0.5,0.61,0.31,0.4957
Louisiana,19,0.909,33.6,22,-2.25,0,0.65,0.36,1.29,1.24627092,0.109,0.4,0.65,0.67,0.4702
Louisiana-Monroe,26,0,16.3,42,-2.87,0,-1.03,-1.26,-2.4,1.263593117,0.271,0,0.29,0.69,0.4661
Louisville,26,0.364,29.5,26.6,-1.87,0,0.38,-0.34,0.78,1.536489885,0.142,0,0.79,0.77,0.5196
Marshall,26,0.7,28.5,13,-6.6,0,0.14,0.39,1.12,1.18963063,0.08,-0.1,0.78,0.63,0.4827
Maryland,26,0.4,23.6,32,5.29,0,-0.19,-0.58,0.7,1.530334124,0.138,-0.5,0.62,0.51,0.4803
Massachusetts,26,0,3,40.3,-1.18,0,-1.5,-1.88,-3.9,1.309297991,0.27,0.2,0.52,0.51,0.4878
Memphis,26,0.727,31,27.9,-5.56,0,-0.02,-0.42,0.27,1.411984886,0.103,0,0.69,0.77,0.4512
Miami (FL),26,0.727,34,27,1.47,0,0.78,-0.11,0.47,1.394656397,0.16,0.2,0.59,0.5,0.4493
Miami (OH),26,0.667,28.7,26.7,9.08,0,0.66,-0.08,-0.13,1.631985538,0.2,0,0.86,0.61,0.4856
Michigan,26,0.333,28.3,34.5,3.25,16,0.53,-1.19,0.19,1.368623101,0.121,0,0.36,0.49,0.4337
Michigan State,26,0.286,18,35.1,8.79,0,-0.75,-0.01,-0.58,1.388903467,0.095,-0.2,0.43,0.49,0.4351
Middle Tennessee State,26,0.333,22.9,35.4,-6.25,0,-0.29,-1.1,-1.12,1.230758862,0.176,0.3,0.82,0.51,0.5099
Minnesota,26,0.429,27.3,30.1,2.1,19,0.44,-0.77,-0.38,1.256448301,0.174,0.3,0.82,0.33,0.5289
Ole Miss,26,0.5,39.2,38.3,7.57,0,1.39,-1.21,0.15,1.398213565,0.171,-0.1,0.78,0.64,0.4678
Mississippi State,26,0.364,21.4,28.1,8.67,0,-0.56,0.22,-0.46,1.138336554,0.112,-0.1,0.54,0.48,0.5371
Missouri,26,0.5,26.7,32.3,7.32,0,0.2,-0.9,-0.65,1.238710682,0.183,0.1,0.43,0.64,0.5353
Navy,26,0.3,16.6,30.3,-0.88,0,-0.72,-0.41,-1.93,1.295306431,0.21,0.5,0.5,0.66,0.498
Nebraska,26,0.375,23.1,29.4,5.14,0,-0.21,-0.13,-0.02,1.076238241,0.119,0,0.92,0.59,0.4904
Nevada,26,0.778,30.8,23.3,-7.1,0,0.48,-0.17,0.92,1.426101051,0.143,-0.3,0.73,0.65,0.581
New Mexico,26,0.286,23.9,32.6,-4.28,0,-0.07,-0.52,-1.38,1.247562698,0.221,-1.5,0.7,0.51,0.5144
New Mexico State,26,0.5,26.5,36,-19.18,0,-1,-1,-3.08,0,0.342,-1.3,-1,-1,-1
North Carolina,13,0.667,41.7,29.4,-1.55,18,1.48,-0.49,1.43,1.432063879,0.167,0.5,0.87,0.64,0.5256
North Carolina State,26,0.667,30.3,29.2,-1.57,0,0.11,-0.13,0.3,1.329489152,0.1,-1.3,0.81,0.67,0.4826
North Texas,26,0.4,34.4,42.8,-8.9,0,-0.03,-1.6,-0.7,1.349398563,0.248,-0.5,0.41,0.5,0.4196
Northern Illinois,26,0,24.8,38.7,12.14,0,-0.15,-0.13,-1.78,1.24817487,0.194,-0.6,0.39,0.59,0.5792
Northwestern,26,0.778,24.7,15.9,4.88,0,-0.08,1.14,0.17,1.24110115,0.066,-0.8,0.88,0.8,0.5011
Notre Dame,4,0.833,33.4,19.7,1.23,10,0.97,0.44,1.16,1.250339904,0.123,1.3,0.66,0.51,0.5937
Ohio,26,0.667,34.3,16.7,-6.06,0,0.52,-0.45,1.3,1.349019136,0.121,-0.3,0.51,0.78,0.4687
Ohio State,3,0.875,41,25.8,8.99,2,1.88,0.08,1.46,1.306423702,0.189,0.6,0.65,0.47,0.5564
Oklahoma,6,0.818,43,21.7,3.71,5,0.93,0.82,1.33,1.265894159,0.107,-0.8,0.49,0.7,0.5345
Oklahoma State,21,0.727,30.2,23.5,4.92,15,0.24,0.65,0.52,1.336010558,0.119,-0.1,0.75,0.86,0.5027
Oregon,25,0.571,31.3,28.3,-1.77,9,0.55,-0.2,1.58,1.29442179,0.128,1.2,0.34,0.81,0.4157
Oregon State,26,0.286,28.9,33.3,-2.98,0,0.35,-0.83,-0.9,1.152816643,0.189,0.8,0.35,0.82,0.4477
Penn State,26,0.444,29.8,27.7,3.99,7,-0.1,0.14,0.3,1.213337156,0.123,0.7,0.74,0.63,0.5801
Pitt,26,0.545,29,24.5,-1.19,0,-0.37,0.2,-0.32,0,0.167,-0.5,0.77,0.6,0.5244
Purdue,26,0.333,27.2,29.8,2.66,0,0.36,-0.47,0.34,1.186243942,0.061,-0.7,0.76,0.73,0.4706
Rice,26,0.4,23.4,18.8,-7.97,0,-0.92,0.47,-0.43,1.15168126,0.13,-0.4,0.63,0.96,0.6184
Rutgers,26,0.333,26.7,32.1,3.18,0,-0.8,-0.07,-1.18,1.26158878,0.14,-1.1,0.76,0.79,0.452
SMU,26,0.7,38.6,30.9,-6.14,0,0.62,-0.4,1.2,1.364724138,0.118,0.3,0.75,0.53,0.5125
San Diego State,26,0.5,24.6,17.8,-4.82,0,-0.45,0.83,0.79,1.230056749,0.043,1.6,0.52,0.6,0.5206
San Jose State,26,0.875,28.6,19.9,-1.71,0,0.5,0.51,1.68,0,0.08,0.8,0.49,0.63,0.4617
South Alabama,26,0.364,19.9,27.3,-3.64,0,-0.4,-0.36,-1.1,1.359403,0.158,-0.5,0.7,0.6,0.5098
South Carolina,26,0.2,23.5,36,7.42,0,-0.05,-0.96,-1.2,1.29773725,0.212,0.2,0.72,0.72,0.4797
South Florida,26,0.111,23.1,39.9,-1.28,0,-0.69,-1,-1.66,1.242714616,0.156,-0.3,0.68,0.74,0.4524
Southern Mississippi,26,0.3,25.3,32.3,-7.79,0,-0.33,-1.11,-0.21,1.382873186,0.219,-0.9,0.7,0.58,0.4746
Stanford,26,0.667,29.3,31.7,-3,0,0.89,-1.05,-0.56,1.217251134,0.161,-0.1,0.71,0.74,0.5385
Syracuse,26,0.091,17.8,32.7,1.53,0,-1.13,-0.23,-2.06,1.302726426,0.167,1,0.61,0.42,0.4157
Texas Christian,26,0.6,30.8,24.2,3.71,0,0.19,0.54,0.65,1.352151079,0.163,0,0.61,0.68,0.5076
Temple,26,0.143,19.9,37.1,-3.83,0,-1.07,-0.81,-1.91,1.232353351,0.19,0.1,0.73,0.38,0.5497
Tennessee,26,0.3,21.5,30.1,8.89,25,-0.28,-0.15,-0.65,1.1904442,0.143,-0.5,0.68,0.69,0.4741
Texas,20,0.7,42.7,28.5,3.75,14,0.96,0.2,1.03,1.372914171,0.124,0.4,0.66,0.82,0.4661
Texas A&M,5,0.9,32.6,21.7,6.44,13,0.9,0.29,0.91,1.194848421,0.104,-0.4,0.8,0.74,0.5756
Texas State,26,0.167,27.7,38.2,-0.84,0,-0.01,-0.92,-0.56,1.37296007,0.165,-0.9,0.59,0.32,0.4243
Texas Tech,26,0.4,29.1,36.7,3.53,0,0.03,-0.06,0.17,1.244379949,0.103,0.5,0.48,0.71,0.4155
Toledo,26,0.667,35,24.3,3.94,0,0.65,0.26,0.86,1.354997337,0.139,-0.9,0.72,0.7,0.5319
Troy,26,0.455,27.4,25.7,-4.33,0,-0.05,0.3,0.1,1.23534525,0.107,-0.1,0.48,0.71,0.4601
Tulane,26,0.5,34.7,28.1,-4.3,0,0.1,-0.33,-0.06,1.276677895,0.153,-0.3,0.31,0.58,0.4922
Tulsa,24,0.667,27.1,21.6,0.42,0,-0.18,0.73,0.82,1.282916509,0.081,-0.1,0.88,0.34,0.4888
UAB,26,0.667,28.4,21.4,-4.28,0,-0.08,0.17,0.63,1.273114632,0.121,-0.6,0.82,0.8,0.5165
UCF,26,0.6,42.2,33.2,-1.78,21,1.12,-0.5,0.28,1.29809956,0.163,0.5,0.67,0.75,0.4629
UCLA,26,0.429,35.4,30.7,-2.97,0,0.65,-0.13,0.82,1.312302448,0.138,-0.7,0.75,0.53,0.4906
Nevada-Las Vegas,26,0,17.3,38,-1.84,0,-0.21,-1.35,-2.64,1.310823085,0.234,-0.4,0.8,0.29,0.4715
USC,26,0.833,33.3,26,-3.68,17,0.44,0.32,-0.17,1.241875948,0.129,-0.8,0.77,0.87,0.491
UTEP,26,0.375,23,31,-11.41,0,-1.09,-1.19,-1.39,1.357316029,0.2,-0.3,0.39,0.44,0.6094
UTSA,26,0.583,28.3,25.7,-6.71,0,-0.28,-0.36,-0.16,1.214374185,0.145,-0.5,0.76,0.53,0.4724
Utah,26,0.6,30.2,26,-2.93,22,-0.52,0.65,0.25,1.275978185,0.127,0.7,0.48,0.27,0.5466
Utah State,26,0.167,15.5,35.2,-2.55,0,-0.59,-1.38,-2.01,1.303112275,0.242,-0.2,0.51,0.57,0.4215
Vanderbilt,26,0,14.8,37.3,6.39,0,-0.61,-1.29,-2.35,1.185265438,0.221,-0.2,0.35,0.93,0.5125
Virginia,26,0.5,30.7,29.6,-0.09,0,0,0.08,-0.9,1.279433212,0.204,0,0.51,0.81,0.4926
Virginia Tech,26,0.455,31.1,32.1,1.78,0,0.49,-0.18,0.86,1.243915515,0.137,-0.4,0.74,0.89,0.5118
Wake Forest,26,0.444,36,32.8,0.12,0,0.51,-0.36,-0.35,1.349661147,0.156,0.8,0.33,0.67,0.4523
Washington,26,0.75,30.3,25,-5.89,0,1.11,-0.14,1.43,1.254898446,0.028,0.7,0.3,0.74,0.524
Washington State,26,0.25,27,38.5,-0.09,0,0.14,-1.19,-0.91,1.184459401,0.178,-0.8,0.36,0.8,0.5886
West Virginia,26,0.6,26.5,20.5,1.07,0,-0.15,0.57,0.45,1.286425211,0.071,-0.8,0.71,0.58,0.5378
Western Kentucky,26,0.417,19,25.3,-6.07,0,-1.03,-0.27,-0.97,1.084156548,0.093,-0.3,0.53,0.89,0.4938
Western Michigan,26,0.667,41.7,34.2,5.72,0,1.81,-0.93,1.82,1.272687373,0.145,0.7,0.41,0.5,0.4847
Wisconsin,26,0.571,25.1,17.4,4.33,12,-0.36,0.95,-0.56,1.120176342,0.1,0,0.62,0.81,0.5859
Wyoming,26,0.333,26.5,21,-7.94,0,-0.66,0.67,0.55,1.231335321,0.086,0.4,0.69,0.52,0.5033
Air Force,26,0.846,34.1,19.8,-2.22,0,0.85,0.15,0.56,1.053766195,0.094,-0.3,0.62,0.62,0.5564
Akron,26,0,10.5,36.3,-7.06,0,-2.1,-1.21,-1.98,1.298995822,0.161,-1.3,0.67,0.44,0.4753
Alabama,13,0.846,47.2,18.6,2.81,2,2.39,0.93,3.11,1.380326363,0.092,1.2,0.67,0.59,0.4942
Appalachian State,20,0.929,38.8,20,-3.8,0,0.34,0.51,1.05,1.348909578,0.108,1.1,0.87,0.61,0.5216
Arizona,26,0.333,26.9,35.8,3.17,0,-0.02,-0.42,-0.67,1.312023213,0.168,-0.5,0.61,0.82,0.4355
Arizona State,26,0.615,24.8,22.4,2.34,0,-0.09,0.36,0,1.225810573,0.117,1.1,0.52,0.81,0.4631
Arkansas,26,0.167,21.4,36.8,4.84,0,-0.4,-0.65,-1.59,1.332427848,0.246,-0.6,0.64,0.6,0.4515
Arkansas State,26,0.615,33.7,34.2,-3.93,0,-0.15,-0.45,-0.05,1.372948082,0.149,-0.4,0.53,0.75,0.4356
Army,26,0.385,28.5,23,-4.7,0,-0.22,-0.39,-0.62,1.111512288,0.136,-0.3,0.8,0.51,0.5946
Auburn,12,0.692,33.2,19.5,7.72,16,0.54,1.24,0.45,1.158186069,0.129,0.2,0.54,0.67,0.4441
BYU,26,0.538,28.5,25.5,-1.23,0,0.01,-0.13,0.59,1.213722105,0.106,0,0.69,0.57,0.5158
Ball State,26,0.417,34.8,31.4,-4.43,0,-0.03,-0.3,-0.3,1.215948097,0.122,0.7,0.66,0.84,0.506
Baylor,7,0.786,33.6,19.8,2.62,0,0.38,1.03,1.37,1.244198079,0.071,0.8,0.65,0.85,0.4699
Boise State,19,0.857,34.7,21.9,-2.28,0,0.36,0.26,0.85,1.280878787,0.091,0.1,0.4,0.77,0.5067
Boston College,26,0.462,29,32.2,1.17,0,0.46,-0.6,-0.7,1.231413773,0.17,0.2,0.69,0.38,0.4845
Bowling Green,26,0.25,16,38.6,-3.66,0,-1.37,-1.49,-3.25,1.122500265,0.313,-0.5,0.71,0.42,0.471
Buffalo,26,0.615,31.5,21.3,-6.49,0,-0.15,0.34,0.39,1.131947639,0.14,0.6,0.4,0.46,0.5994
California,26,0.615,21.2,21.9,2.69,0,0.04,0.25,-0.24,1.293008404,0.079,0.5,0.51,0.78,0.4792
Central Michigan,26,0.571,30.4,28.3,-6.41,0,-0.04,-0.48,0.66,1.267504997,0.149,-0.7,0.83,0.4,0.4911
Charlotte,26,0.538,29.8,32.4,-5.41,0,0.27,-1.13,0.19,1.321644791,0.15,-0.1,0.6,0.69,0.5307
Cincinnati,21,0.786,29.6,20.6,2.51,0,0.14,0.65,0.16,1.195555596,0.106,0.4,0.71,0.71,0.5079
Clemson,3,0.933,43.9,13.5,2.7,1,1.53,1.63,3.37,1.341111752,0.113,0.9,0.77,0.52,0.5257
Coastal Carolina,26,0.417,30.3,30.5,-6.02,0,-0.26,-0.92,-0.75,1.123329118,0.173,-0.1,0.63,0.73,0.5483
Colorado,26,0.417,23.5,31.8,5.07,0,0.33,-0.53,-1.04,1.126304961,0.184,0.3,0.71,0.64,0.5384
Colorado State,26,0.333,28.1,31.2,-3.59,0,-0.45,-0.58,0.24,1.313196206,0.148,-0.9,0.36,0.55,0.5226
Connecticut,26,0.167,18.9,40.5,-1.33,0,-1,-1,-2.24,-1,0.238,-0.5,-1,-1,-1
Duke,26,0.417,25.3,29.2,2.03,0,-0.48,0.33,-0.83,1.164840159,0.115,-1,0.37,0.71,0.4474
East Carolina,26,0.333,26.8,33.7,-2.85,0,-0.15,-1.3,-1.37,1.213502815,0.197,-0.1,0.65,0.56,0.4906
Eastern Michigan,26,0.462,29.2,30.6,-5.81,0,0.05,-0.72,0.23,1.207713353,0.153,0.4,0.53,0.49,0.4662
Florida,9,0.846,33.2,15.5,2.91,8,0.94,0.71,1.41,1.299453088,0.118,0.1,0.77,0.71,0.5158
Florida Atlantic,26,0.786,36.4,22.7,-2.43,0,0.36,0.55,0.6,1.371125291,0.152,1.5,0.57,0.56,0.4686
Florida International,26,0.462,26.5,27.2,-6.96,0,-0.34,-0.56,0.16,1.185616105,0.102,0.2,0.85,0.76,0.4748
Florida State,26,0.462,27.9,27.8,2.32,0,0.02,0.28,0.01,1.387758015,0.107,-0.3,0.74,0.8,0.4256
Fresno State,26,0.333,30,30.1,-3.12,0,-0.18,-0.44,0.26,1.243589291,0.127,0.5,0.34,0.41,0.4671
Georgia,5,0.857,30.8,12.6,5.21,3,0.79,1.24,1.92,1.128694954,0.036,0.2,0.53,0.72,0.5377
Georgia Southern,26,0.538,28.2,28.2,-1.61,0,-0.48,-0.1,-0.69,1.189648468,0.143,0.6,0.76,0.74,0.5857
Georgia State,26,0.538,31.2,36.2,-3.84,0,0.25,-1.07,-0.72,1.184249956,0.182,0,0.73,0.73,0.5069
Georgia Tech,26,0.25,16.7,32.4,2.42,0,-0.35,-0.54,-1.29,1.305071182,0.162,-0.5,0.44,0.55,0.4651
Hawaii,26,0.667,33.9,31.9,-1.75,0,0.63,-0.82,0.14,1.165249433,0.212,-0.6,0.73,0.84,0.5295
Houston,26,0.333,30.7,34,3.25,0,0.08,-0.37,-0.79,1.300852125,0.235,-0.5,0.82,0.39,0.5407
Illinois,26,0.462,26.7,26.2,0.61,0,-0.29,0.04,-0.96,1.291165831,0.148,0.8,0.7,0.81,0.433
Indiana,26,0.615,31.8,24.4,1.49,0,0.75,-0.28,0.16,1.182703696,0.214,0.2,0.78,0.77,0.5138
Iowa,16,0.769,25.8,14,4.44,20,0.2,0.94,0.96,1.099479776,0.079,0.7,0.72,0.57,0.558
Iowa State,26,0.538,32.2,25.9,4.53,21,0.82,0.33,1.03,1.271379254,0.097,-0.2,0.53,0.68,0.4985
Kansas,26,0.25,23.5,36.1,3.19,0,-0.22,-0.64,-0.5,1.294872196,0.171,-1,0.49,0.56,0.4423
Kansas State,26,0.615,29.6,21.4,2.64,0,0.28,0.53,-0.47,1.165566961,0.15,-0.1,0.69,0.75,0.5498
Kent State,26,0.538,29.2,31.8,-3.73,0,0.13,-1.26,-0.74,1.110564723,0.135,0.5,0.86,0.73,0.4253
Kentucky,26,0.615,27.2,19.3,0.15,0,0.21,0.27,0.14,1.262181806,0.142,-0.2,0.64,0.39,0.524
LSU,1,1,48.4,21.9,6.6,6,2.43,0.98,3.16,1.274152053,0.113,0.8,0.82,0.7,0.5089
Liberty,26,0.615,32.8,28.1,-8.54,0,-0.15,-0.55,0.78,1.218315282,0.126,0.1,0.79,0.68,0.4603
Louisiana Tech,26,0.769,32.5,21.8,-9.51,0,-0.22,0.02,0.99,1.217699911,0.065,0.5,0.76,0.68,0.4872
Louisiana,26,0.786,37.9,19.7,-3.25,0,0.79,-0.04,1.07,1.183671545,0.11,0.4,0.63,0.66,0.4919
Louisiana-Monroe,26,0.417,31.6,38.7,-1.26,0,0.47,-0.93,-0.38,1.327437875,0.207,0,0.61,0.7,0.4763
Louisville,26,0.615,33.1,33.4,2.55,0,0.7,-0.47,-0.18,1.503511232,0.203,0,0.69,0.79,0.5369
Marshall,26,0.615,25.8,25,-2.38,0,-0.33,-0.2,-0.07,1.175827888,0.104,-0.1,0.63,0.5,0.5388
Maryland,26,0.25,25.3,34.7,4.57,0,-0.59,-0.48,-1.51,1.384503168,0.172,-0.5,0.69,0.56,0.45
Massachusetts,26,0.083,19.8,52.7,-8.87,0,-1.49,-2.74,-4.46,1.299984557,0.336,0.2,0.4,0.45,0.4479
Memphis,17,0.857,40.4,26.4,2.09,0,1.17,0.08,1.67,1.417387318,0.114,0,0.79,0.82,0.4821
Miami (FL),26,0.462,25.7,20.2,-0.18,0,-0.25,0.5,0.64,1.308199787,0.099,0.2,0.63,0.57,0.4957
Miami (OH),26,0.571,24.1,28.1,-1.67,0,-0.76,-0.08,-0.25,1.156369886,0.139,0,0.57,0.57,0.4653
Michigan,14,0.692,31.7,20.7,7.88,7,0.67,0.83,1.27,1.199886874,0.094,0,0.76,0.5,0.4931
Michigan State,26,0.538,22.4,22.5,5.6,18,0,0.61,0.5,1.148019301,0.105,-0.2,0.78,0.53,0.5027
Middle Tennessee State,26,0.333,26.3,29.9,-2.69,0,-0.05,-0.71,-0.47,1.276276201,0.157,0.3,0.45,0.51,0.4585
Minnesota,18,0.846,34.1,22.5,2.11,0,1.31,0.35,1.53,1.247291746,0.095,0.3,0.9,0.66,0.5532
Ole Miss,26,0.333,26.6,26.5,3.82,0,0.35,0.25,-0.21,1.334595367,0.171,-0.1,0.3,0.71,0.4604
Mississippi State,26,0.462,27.6,28.8,5.95,0,0.48,-0.05,-0.59,1.242441241,0.174,-0.1,0.59,0.56,0.5349
Missouri,26,0.5,25.3,19.4,0.46,0,-0.02,0.43,-0.22,1.125070084,0.091,0.1,0.54,0.67,0.5172
Navy,23,0.846,37.2,22.3,0.83,0,0.98,0.2,1.33,1.339554061,0.132,0.5,0.47,0.41,0.5419
Nebraska,26,0.417,28,27.8,4,24,-0.02,0.17,0.29,1.280665462,0.127,0,0.59,0.55,0.489
Nevada,26,0.538,21.3,31.9,-4.8,0,-0.86,-0.58,-1.11,1.24825796,0.156,-0.3,0.71,0.54,0.5379
New Mexico,26,0.167,22.3,37.2,-2.2,0,-0.79,-1.2,-1.32,1.261405751,0.233,-1.5,0.59,0.43,0.4907
New Mexico State,26,0.167,21.7,41,-3.78,0,-1,-1,-2.16,0,0.224,-1.3,-1,-1,-1
North Carolina,26,0.538,33.1,23.7,1.22,0,0.64,0.01,0.35,1.285891821,0.098,0.5,0.81,0.61,0.4808
North Carolina State,26,0.333,22.1,30.1,-0.91,0,-0.7,-0.48,-0.7,1.090206155,0.131,-1.3,0.32,0.74,0.498
North Texas,26,0.333,30.6,32.5,-6.3,0,-0.56,-0.85,-0.42,1.291327629,0.167,-0.5,0.79,0.48,0.4274
Northern Illinois,26,0.417,22.8,28.2,-5.68,0,-0.71,-0.55,-1.04,1.273539159,0.202,-0.6,0.64,0.75,0.5309
Northwestern,26,0.25,16.3,23.6,3.46,0,-0.91,0.47,-0.65,1.095333026,0.023,-0.8,0.53,0.71,0.4999
Notre Dame,15,0.846,36.8,17.9,3.3,9,0.67,1.07,1.66,1.2765547,0.062,1.3,0.57,0.55,0.4742
Ohio,26,0.538,34.3,26.5,-6.32,0,0.43,-0.79,0.78,1.215287015,0.162,-0.3,0.41,0.63,0.5098
Ohio State,2,0.929,46.9,13.7,7.32,5,2.1,1.4,2.85,1.339907,0.062,0.6,0.42,0.85,0.5192
Oklahoma,4,0.857,42.1,27.3,4.36,4,1.8,0.01,2.13,1.308687194,0.146,-0.8,0.46,0.81,0.5153
Oklahoma State,25,0.615,32.5,26.8,3.46,0,0.59,0.21,0.6,1.264151928,0.183,-0.1,0.56,0.68,0.4912
Oregon,6,0.857,35.4,16.5,3.6,11,0.85,1.11,1.42,1.208515996,0.075,1.2,0.73,0.71,0.459
Oregon State,26,0.417,31.2,32.5,3.18,0,0.63,-0.75,-0.78,1.303327213,0.21,0.8,0.62,0.86,0.5075
Penn State,10,0.846,35.8,16,4.88,15,0.83,0.86,1.05,1.309314107,0.074,0.7,0.44,0.68,0.4249
Pitt,26,0.615,21.2,22.5,0.52,0,-0.49,0.6,0.38,0,0.113,-0.5,0.64,0.64,0.5147
Purdue,26,0.333,25.8,30.6,4.15,0,0.13,-0.34,-0.53,1.230064487,0.146,-0.7,0.37,0.72,0.4587
Rice,26,0.25,17.9,25.9,-3.21,0,-0.91,-0.6,-1.17,1.213240416,0.152,-0.4,0.76,0.85,0.518
Rutgers,26,0.167,13.3,36.7,4.93,0,-1.1,-0.87,-2.4,1.115471141,0.211,-1.1,0.75,0.44,0.5052
SMU,26,0.769,41.8,33.4,0.64,0,0.74,-0.13,0.46,1.308619049,0.146,0.3,0.68,0.79,0.4891
San Diego State,26,0.769,21.2,12.7,-5.85,0,-0.68,0.49,0.06,1.056176602,0.094,1.6,0.66,0.69,0.5871
San Jose State,26,0.417,30.1,31.9,-3.83,0,0.13,-1.01,0.33,0,0.146,0.8,0.63,0.62,0.4656
South Alabama,26,0.167,18.4,30.7,-1.44,0,-0.96,-0.41,-0.97,1.189303042,0.108,-0.5,0.44,0.51,0.4555
South Carolina,26,0.333,22.4,26.1,7.34,0,-0.29,0.63,-1.06,1.113515465,0.102,0.2,0.68,0.64,0.4596
South Florida,26,0.333,20.8,28.9,2.16,0,-0.73,0.1,-0.95,1.24248253,0.123,-0.3,0.83,0.55,0.475
Southern Mississippi,26,0.538,26.6,26.2,-3.67,0,-0.38,-0.18,-0.08,1.369040529,0.194,-0.9,0.94,0.71,0.5494
Stanford,26,0.333,21.7,29.8,5.7,25,0.01,-0.37,-0.76,1.18127662,0.128,-0.1,0.45,0.63,0.5572
Syracuse,26,0.417,28.3,30.7,-0.62,22,-0.36,-0.21,-1.52,1.247522842,0.197,1,0.55,0.71,0.5015
Texas Christian,26,0.417,30.3,26.4,3.6,0,0.03,0.66,-0.2,1.097021726,0.126,0,0.73,0.47,0.5664
Temple,26,0.615,26.3,25.9,-0.09,0,-0.52,0.25,0.03,1.228377743,0.11,0.1,0.64,0.61,0.5044
Tennessee,26,0.615,24.2,21.7,2.74,0,-0.07,0.51,0.61,1.279749673,0.079,-0.5,0.91,0.76,0.4764
Texas,26,0.615,35.2,27.5,5.8,10,0.99,0.21,-0.03,1.270587714,0.148,0.4,0.57,0.4,0.5114
Texas A&M,26,0.615,29.5,22.5,5.09,12,0.57,0.58,0.18,1.106805487,0.152,-0.4,0.62,0.49,0.5473
Texas State,26,0.25,18.4,32.6,-1.29,0,-1.17,-0.58,-1.08,1.373947883,0.133,-0.9,0.8,0.85,0.4574
Texas Tech,26,0.333,30.5,30.3,1.1,0,0.34,-0.23,-0.66,1.153352844,0.185,0.5,0.59,0.63,0.4801
Toledo,26,0.5,27.3,32.2,-5.26,0,-0.46,-1.01,-0.83,1.283438843,0.228,-0.9,0.5,0.57,0.5252
Troy,26,0.417,33.8,34.8,-5.42,0,0.29,-1.21,-0.04,1.23784012,0.227,-0.1,0.59,0.76,0.4784
Tulane,26,0.538,33.1,26.3,1.21,0,0.43,-0.07,0.17,1.245805668,0.126,-0.3,0.5,0.63,0.491
Tulsa,26,0.333,26.4,31.3,5.01,0,-0.05,0.22,-0.39,1.313788663,0.106,-0.1,0.71,0.79,0.5254
UAB,26,0.643,23.1,21.6,-7.88,0,-0.56,-0.28,0.81,1.211697274,0.112,-0.6,0.33,0.39,0.5315
UCF,26,0.769,43.4,23,-1.87,17,0.97,0.44,2.4,1.420983755,0.067,0.5,0.54,0.63,0.3919
UCLA,26,0.333,26.7,34.8,4.95,0,0.11,-0.33,-1.21,1.218910756,0.18,-0.7,0.61,0.81,0.4943
Nevada-Las Vegas,26,0.333,24.2,33,-3.97,0,-0.75,-0.63,-1.18,1.269161066,0.176,-0.4,0.8,0.56,0.4853
USC,22,0.615,32.5,29.4,5.64,0,0.91,0.08,1.14,1.156448552,0.09,-0.8,0.79,0.43,0.4952
UTEP,26,0.083,19.6,35.9,-8.52,0,-1.16,-1.75,-2.27,1.249927752,0.208,-0.3,0.58,0.35,0.5369
UTSA,26,0.333,20.3,33.9,-5.08,0,-0.84,-1.32,-1.97,1.214374185,0.258,-0.5,0.66,0.51,0.4925
Utah,11,0.786,32.3,15,2.29,14,0.88,0.95,1.85,1.244695422,0.122,0.7,0.9,0.59,0.5368
Utah State,26,0.538,29.2,30.7,-0.31,0,-0.46,-0.35,-0.14,1.153464472,0.132,-0.2,0.46,0.63,0.3767
Vanderbilt,26,0.25,16.5,31.8,2.97,0,-0.52,-0.68,-2.34,1.188659941,0.239,-0.2,0.72,0.43,0.487
Virginia,24,0.643,32.1,27.1,1.5,0,0.56,-0.15,-0.44,1.162970534,0.188,0,0.56,0.72,0.5601
Virginia Tech,26,0.615,30.8,24.7,-1.63,0,0.15,0.21,0.19,1.206848084,0.141,-0.4,0.6,0.96,0.5484
Wake Forest,26,0.615,31.8,29.1,0,0,0.15,0.14,-0.05,1.206539083,0.175,0.8,0.55,0.72,0.5112
Washington,26,0.615,32,19.4,2.68,13,0.38,0.74,0.62,1.171946066,0.056,0.7,0.67,0.34,0.477
Washington State,26,0.462,37.8,31.4,2.01,23,0.94,-0.66,0.05,1.160917963,0.202,-0.8,0.58,0.64,0.5073
West Virginia,26,0.417,20.6,28.8,3.16,0,-0.36,-0.15,-0.74,1.303571029,0.15,-0.8,0.42,0.67,0.4692
Western Kentucky,26,0.692,25.4,20.1,-5.08,0,-0.13,0.37,0.9,1.157387805,0.089,-0.3,0.81,0.72,0.5322
Western Michigan,26,0.538,33.1,25.9,-5.85,0,0.28,-0.42,0.16,1.343466866,0.145,0.7,0.84,0.85,0.5266
Wisconsin,8,0.714,34.1,16.9,7.73,19,1.35,0.93,1.5,1.164415948,0.142,0,0.85,0.6,0.6233
Wyoming,26,0.615,25.4,17.8,-4.28,0,-0.18,0.18,0.39,1.248764295,0.094,0.4,0.52,0.46,0.5019
Air Force,26,0.417,30.3,25.8,-3.8,0,0.37,-0.61,-0.45,1.123891737,0.172,-0.1,0.7,0.53,0.5143
Akron,26,0.333,18.9,27.2,-3.33,0,-1.33,-0.07,-1.01,1.285478931,0.088,-0.3,0.35,0.87,0.495
Alabama,26,0.933,45.6,18.1,6.63,1,2.2,1.39,3.2,1.296194519,0.112,0.5,0.62,0.53,0.5242
Appalachian State,26,0.846,37.3,15.5,-4.78,0,0.03,0.82,1.56,1.380382642,0.052,0.3,0.45,0.63,0.466
Arizona,26,0.417,31.3,32.6,0.76,0,0.07,-0.13,0.39,1.310870654,0.121,-0.4,0.7,0.79,0.4852
Arizona State,26,0.538,29.9,25.5,1.67,0,0.66,-0.17,0.12,1.211504289,0.114,0.8,0.78,0.48,0.5091
Arkansas,26,0.167,21.7,34.8,4.96,0,-0.57,-0.06,-1.42,1.177717183,0.149,-1.4,0.76,0.66,0.5216
Arkansas State,26,0.615,30.3,25.6,-4.69,0,-0.18,0.01,0.49,1.220087271,0.197,0.6,0.66,0.58,0.526
Army,26,0.846,32.8,17.7,-3.81,0,0.84,0.26,-0.39,1.105116769,0.146,1,0.42,0.74,0.649
Auburn,26,0.615,30.9,19.2,5.6,9,0.64,0.9,0.34,1.171912112,0.125,0.7,0.78,0.61,0.4613
BYU,26,0.538,27.2,21.4,-0.94,0,-0.01,-0.01,0.77,1.152318236,0.024,-0.2,0.85,0.76,0.51
Ball State,26,0.333,24.2,32.4,-4.08,0,-0.51,-0.89,-1.37,1.173055455,0.13,-0.4,0.84,0.85,0.4753
Baylor,26,0.538,29.5,31.7,3.02,0,0.56,-0.44,-0.93,1.23717119,0.256,-0.8,0.93,0.82,0.559
Boise State,26,0.769,35.4,22.1,-0.46,22,0.64,0.34,0.46,1.202384448,0.128,0.8,0.54,0.88,0.5411
Boston College,26,0.583,32,25.7,1.78,0,-0.09,0.24,-0.26,1.310262198,0.101,0.5,0.81,0.65,0.4552
Bowling Green,26,0.25,24.3,40,-4.11,0,-0.69,-1.19,-1.34,1.294783652,0.144,-0.9,0.68,0.85,0.4767
Buffalo,26,0.714,34.6,25.9,-5.29,0,0.57,-0.34,1.06,1.30272887,0.105,0,0.82,0.64,0.5127
California,26,0.538,21.5,20.4,0.67,0,-0.79,0.9,0.26,1.084783697,0.057,-0.2,0.85,0.68,0.4879
Central Michigan,26,0.083,15,27.3,-4.18,0,-1.54,-0.2,-1.68,1.055810811,0.104,-0.5,0.27,0.49,0.4682
Charlotte,26,0.417,21.7,26.6,-4.24,0,-0.69,-0.57,-1.38,1.202165343,0.162,0.1,0.76,0.9,0.5639
Cincinnati,26,0.846,34.9,17.2,-3.93,0,0.09,0.71,0.87,1.317877663,0.103,0,0.69,0.56,0.5519
Clemson,26,1,44.3,13.1,5.19,2,1.3,1.47,3.21,1.276313527,0.07,0.4,0.73,0.75,0.4761
Coastal Carolina,26,0.417,26.7,33.2,-3.25,0,-0.37,-1.44,-1.9,1.240720464,0.28,-0.5,0.65,0.7,0.5189
Colorado,26,0.417,27.1,27.3,0.08,0,-0.14,0.19,0.04,1.388072511,0.13,-0.5,0.44,0.51,0.4621
Colorado State,26,0.25,22.8,36.8,-2.49,0,-0.35,-0.97,-1.29,1.277459583,0.229,-0.7,0.27,0.44,0.5144
Connecticut,26,0.083,22.2,50.4,-1.32,0,-1,-1,-3.74,-1,0.438,-1.5,-1,-1,-1
Duke,26,0.615,29.4,27.4,3.6,0,0.24,0.17,0.18,1.260362596,0.11,-0.5,0.82,0.78,0.4597
East Carolina,26,0.25,22.8,37.3,-2.41,0,-0.82,-0.45,-1.02,1.37018742,0.176,-1,0.55,0.55,0.4856
Eastern Michigan,26,0.538,27,22.1,-4.85,0,-0.54,0.19,0.3,1.223208001,0.055,0.8,0.43,0.84,0.4457
Florida,26,0.769,35,20,4.04,0,0.85,0.89,0.57,1.155561969,0.119,0.7,0.77,0.74,0.4876
Florida Atlantic,26,0.417,31.1,31.8,-2.15,0,-0.1,-0.31,0.08,1.295099932,0.155,-0.6,0.53,0.9,0.4999
Florida International,26,0.692,34.6,25.2,-7.15,0,0.45,-0.85,0.38,1.388827038,0.118,0.6,0.5,0.37,0.4782
Florida State,26,0.417,21.9,31.5,4.92,19,-0.51,0.09,-0.25,1.396723641,0.106,-1.4,0.74,0.46,0.4843
Fresno State,26,0.857,34.6,14.1,-3.04,0,0.56,0.9,1.98,1.185334652,0.063,0.4,0.83,0.74,0.4943
Georgia,26,0.786,37.9,19.2,6.33,3,1.86,0.97,2.19,1.233491994,0.081,0.7,0.66,0.54,0.5026
Georgia Southern,26,0.769,30.5,21.5,-5.05,0,0.13,-0.18,0.43,1.217717787,0.13,1.7,0.85,0.95,0.517
Georgia State,26,0.167,23.9,37.4,-2.41,0,-0.41,-1.62,-2.29,1.336770299,0.327,0.2,0.6,0.54,0.521
Georgia Tech,26,0.538,33.6,29.3,1.76,0,0.73,-0.62,-0.21,1.103024472,0.156,-0.8,0.66,0.52,0.5443
Hawaii,26,0.571,30.8,35.1,-4.41,0,0.03,-1.09,-0.24,1.165249433,0.195,-0.6,0.58,0.74,0.5179
Houston,26,0.615,43.9,37.2,-4.82,0,0.53,-0.69,0.8,1.484828334,0.139,0.3,0.42,0.59,0.4077
Illinois,26,0.333,26,39.4,0.79,0,-0.07,-1.05,-1.24,1.213973091,0.238,-0.6,0.64,0.62,0.4838
Indiana,26,0.417,26.4,29.9,5.61,0,0.46,-0.05,-0.45,1.115886184,0.14,0.4,0.6,0.41,0.4697
Iowa,26,0.692,31.2,17.8,3.29,0,0.42,1.09,0.81,1.265329373,0.086,0.8,0.67,0.54,0.5433
Iowa State,26,0.615,26.8,22.9,4.01,0,0.34,0.62,1,1.238869214,0.074,-0.2,0.54,0.62,0.4601
Kansas,26,0.25,23.8,30,2.14,0,-0.33,-0.04,-1.14,1.289537238,0.124,1.5,0.91,0.92,0.506
Kansas State,26,0.417,22.5,25.4,3.47,0,0.18,0,-0.98,1.180874761,0.171,0.5,0.77,0.52,0.5064
Kent State,26,0.167,23.9,36.7,-3.64,0,-0.97,-0.96,-1.64,1.358669388,0.186,-0.1,0.87,0.68,0.4635
Kentucky,26,0.769,26.6,16.8,4.37,0,0.32,0.85,0.35,1.116780459,0.083,0.1,0.47,0.9,0.5082
LSU,26,0.769,32.4,21.8,5.67,25,0.75,1,0.58,1.123031573,0.108,0.8,0.39,0.57,0.5488
Liberty,26,0.5,33.3,36.8,-6.62,0,-0.65,-0.73,-0.88,1.288918665,0.185,-0.7,0.77,0.85,0.4904
Louisiana Tech,26,0.615,24.7,23,-6.7,0,-0.61,-0.19,0.25,1.220898267,0.157,0.3,0.73,0.76,0.4975
Louisiana,26,0.5,31.9,34.2,-2.32,0,0.48,-1.24,0.26,1.362069506,0.168,-0.1,0.89,0.48,0.4767
Louisiana-Monroe,26,0.5,26.6,31.8,-4.42,0,-0.18,-0.9,0.12,1.223769596,0.17,-1,0.86,0.7,0.4502
Louisville,26,0.167,19.8,44.1,5.41,0,-0.58,-1.28,-2.52,1.154212716,0.218,-0.9,0.54,0.38,0.5281
Marshall,26,0.692,28.2,21.8,-5.92,0,-0.5,0.09,0.67,1.19697239,0.09,-0.2,0.65,0.81,0.4743
Maryland,26,0.417,28.5,28.7,4.63,0,0.21,0.17,0.37,1.383098612,0.115,0.8,0.65,0.58,0.4778
Massachusetts,26,0.333,32.8,42.9,-2.81,0,-0.49,-1.25,-1.57,1.327157066,0.258,-0.6,0.87,0.55,0.4906
Memphis,26,0.571,42.9,31.9,-3.88,0,0.45,-0.52,1.1,1.366391539,0.178,0.2,0.44,0.64,0.4785
Miami (FL),26,0.538,28.8,19.5,1.73,8,-0.39,0.97,0.88,1.308894106,0.071,-0.3,0.68,0.7,0.4958
Miami (OH),26,0.5,28.1,25.5,-2.73,0,0.01,-0.12,0.43,1.358117968,0.1,0.5,0.72,0.74,0.4795
Michigan,26,0.769,35.2,19.4,5.47,14,0.83,0.83,1.35,1.149198333,0.078,0.4,0.74,0.83,0.5855
Michigan State,26,0.538,18.7,17.2,5.08,11,-0.53,1.26,0.07,1.099687799,0.08,0.1,0.92,0.91,0.5547
Middle Tennessee State,26,0.571,28,26.7,-1.85,0,-0.16,-0.02,-0.04,1.253594461,0.148,0.2,0.86,0.61,0.5223
Minnesota,26,0.538,28.9,26.5,4.05,0,-0.11,0.44,-0.31,1.184946196,0.159,-0.3,0.69,0.66,0.538
Ole Miss,26,0.417,33.9,36.2,4.39,0,0.82,-0.35,0.42,1.235786441,0.192,-0.2,0.64,0.62,0.4477
Mississippi State,26,0.615,28.5,13.2,5.93,18,0.7,1.51,1.34,1.173399791,0.068,0.5,0.82,0.8,0.5503
Missouri,26,0.615,36.6,25.5,5.75,0,1.07,0.79,0.53,1.108591905,0.142,0,0.7,0.66,0.5124
Navy,26,0.231,25,33.5,0.68,0,-0.26,-1.08,-1.84,1.243412655,0.2,0.1,0.51,0.46,0.5586
Nebraska,26,0.333,30,31.3,4.82,0,0.39,-0.22,0.37,1.167400944,0.155,-0.3,0.59,0.7,0.4628
Nevada,26,0.615,31.1,26.9,-3.78,0,-0.6,0.34,0.2,1.27350994,0.104,-0.5,0.79,0.78,0.5106
New Mexico,26,0.25,26.6,36.2,-3.21,0,-0.97,-0.66,-1.85,1.187894709,0.238,-0.4,0.64,0.66,0.5047
New Mexico State,26,0.25,25.3,41.3,-5.84,0,-1,-1,-1.05,0,0.175,-0.7,-1,-1,-1
North Carolina,26,0.182,27.4,34.5,1.7,0,-0.18,-0.35,-0.41,1.243227052,0.195,-0.5,0.77,0.7,0.4705
North Carolina State,26,0.692,33.8,24.9,0.49,0,0.65,0.08,0.31,1.122777201,0.153,0.1,0.7,0.35,0.558
North Texas,26,0.692,34.6,24.2,-8.42,0,-0.03,-0.12,0.95,1.258485705,0.122,0.3,0.78,0.6,0.5305
Northern Illinois,26,0.571,20.1,22.6,-0.92,0,-0.78,0.24,-0.41,1.06812133,0.064,-0.1,0.68,0.63,0.4702
Northwestern,26,0.643,24.2,23.2,5.94,0,-0.08,0.66,-0.39,1.1787903,0.106,0.4,0.67,0.61,0.4644
Notre Dame,26,0.923,31.4,18.2,5.17,12,0.61,0.76,1.46,1.306721793,0.082,0.3,0.54,0.96,0.4876
Ohio,26,0.692,40.1,24.6,-5.95,0,1.14,-0.38,1.55,1.212210712,0.143,0.8,0.7,0.54,0.5774
Ohio State,26,0.929,42.4,25.5,4.1,5,1.42,0.24,0.74,1.20819871,0.151,0.4,0.72,0.51,0.4962
Oklahoma,26,0.857,48.4,33.3,6.14,7,2.32,-0.49,2.93,1.377990602,0.139,-0.1,0.55,0.52,0.4637
Oklahoma State,26,0.538,38.4,32.5,3.67,0,0.88,-0.19,-0.12,1.300020028,0.18,-0.8,0.44,0.54,0.4531
Oregon,26,0.692,34.8,25.4,-0.49,24,0.23,0.28,0.27,1.274648146,0.12,0.5,0.72,0.63,0.4174
Oregon State,26,0.167,26.1,45.7,3.56,0,0.17,-1.64,-2.45,1.298772031,0.27,-0.8,0.58,0.76,0.5152
Penn State,26,0.692,33.8,20.5,4.86,10,0.49,0.83,1.38,1.137632235,0.086,-0.1,0.51,0.53,0.4783
Pitt,26,0.5,25.6,27.8,6.55,0,0.25,0.07,-0.47,0,0.16,0.2,0.6,0.75,0.5685
Purdue,26,0.462,30.5,30,6.51,0,0.61,-0.11,0.45,1.272580185,0.179,-0.4,0.77,0.41,0.5097
Rice,26,0.154,18.9,36,-5.03,0,-1.31,-1.11,-2.13,1.332040195,0.237,-0.5,0.84,0.67,0.5363
Rutgers,26,0.083,13.5,31.4,4.1,0,-0.99,-0.08,-1.54,1.188950291,0.145,-1.2,0.6,0.81,0.4625
SMU,26,0.417,30.4,35.3,-0.8,0,-0.53,-0.24,-0.56,1.419520989,0.129,0.6,0.58,0.8,0.4329
San Diego State,26,0.538,20.6,22.2,-1.94,0,-0.62,0.34,0.13,1.300818002,0.078,-0.1,0.57,0.63,0.5246
San Jose State,26,0.083,21.3,36.6,-0.68,0,-0.91,-0.34,-1.68,0,0.176,0.3,0.9,0.49,0.4276
South Alabama,26,0.25,24.2,38.8,-2.39,0,-0.65,-1.3,-1.96,1.315144922,0.248,-0.4,0.79,0.58,0.5225
South Carolina,26,0.538,30.1,27.2,5.88,0,0.69,0.2,0.56,1.276995894,0.083,-0.7,0.84,0.47,0.4222
South Florida,26,0.538,28.5,32,-3.74,0,-0.48,-0.36,-0.08,1.26446236,0.16,-0.3,0.38,0.54,0.4727
Southern Mississippi,26,0.545,26.2,19.8,-7.36,0,-0.92,0.35,0.28,1.256797556,0.077,-0.1,0.43,0.3,0.5427
Stanford,26,0.692,28.4,22.9,2.87,13,0.47,0.24,0.5,1.241125281,0.12,0.1,0.81,0.51,0.5158
Syracuse,26,0.769,40.2,27,1.3,0,0.18,0.5,0.12,1.131169894,0.151,0.9,0.59,0.68,0.4916
Texas Christian,26,0.538,23.5,23.1,4.34,16,-0.45,0.78,0.36,1.082254899,0.109,-0.7,0.44,0.61,0.5172
Temple,26,0.615,34.9,27.1,-2.6,0,-0.02,0.23,0.82,1.252622322,0.103,0.6,0.71,0.61,0.5027
Tennessee,26,0.417,22.8,27.9,6.05,0,0.12,0.2,-0.48,1.334960866,0.132,-0.4,0.58,0.48,0.4877
Texas,26,0.714,31.1,25.9,6.3,23,0.69,0.42,-0.13,1.136793405,0.146,0.6,0.79,0.57,0.5142
Texas A&M,26,0.692,36,25.3,7.15,0,0.99,0.52,0.24,1.17728501,0.182,-0.4,0.66,0.78,0.555
Texas State,26,0.25,19.8,27.7,-6.75,0,-1.19,-0.25,-0.31,1.302660056,0.101,-0.5,0.58,0.71,0.4572
Texas Tech,26,0.417,37.3,31.1,3.76,0,0.31,-0.01,-0.67,1.114655471,0.218,-0.6,0.31,0.96,0.5308
Toledo,26,0.538,40.4,30.5,-5,0,0.24,-0.77,0.01,1.237700724,0.201,0,0.54,0.62,0.5114
Troy,26,0.769,30.7,22,-4.64,0,-0.47,0.23,0.69,1.303327194,0.093,0.5,0.44,0.59,0.4894
Tulane,26,0.538,26.8,27.5,-2.17,0,-0.53,-0.08,0.1,1.462456591,0.138,-0.2,0.86,0.44,0.5666
Tulsa,26,0.25,24.1,29.6,-3.74,0,-0.69,-0.3,-0.86,1.144671454,0.123,-0.3,0.77,0.66,0.4549
UAB,26,0.786,29.9,17,-6.44,0,-0.1,0,0.82,1.264658524,0.134,0.1,0.96,0.65,0.5306
UCF,26,0.923,43.2,22.7,-2.78,21,1.18,0.09,1.35,1.357594508,0.112,1.2,0.71,0.76,0.4124
UCLA,26,0.25,24.6,34.1,6.73,0,0.12,-0.33,-0.6,1.254660081,0.184,0.1,0.45,0.72,0.4872
Nevada-Las Vegas,26,0.333,28.8,37.3,-4.48,0,-0.2,-0.83,-1.17,1.298037517,0.182,0.1,0.7,0.66,0.4625
USC,26,0.417,26.1,27,3.39,15,-0.17,0.09,0.16,1.263749041,0.153,-0.8,0.4,0.65,0.4914
UTEP,26,0.083,17.7,32.8,-8.46,0,-1.12,-0.85,-0.93,1.235207362,0.13,-1.3,0.71,0.71,0.5019
UTSA,26,0.25,14.2,31.2,-4.4,0,-1.46,-0.69,-2.38,1.214374185,0.188,0.1,0.28,0.53,0.4561
Utah,26,0.643,28.1,19.4,3.06,0,0.12,0.67,0.54,1.094483311,0.101,-0.1,0.58,0.64,0.4751
Utah State,26,0.846,47.5,22.2,-5.88,0,0.79,0.45,2.15,1.316648082,0.08,1.2,0.69,0.65,0.4198
Vanderbilt,26,0.462,28.5,26.6,5.09,0,0.66,0.1,-0.01,1.303331438,0.147,0.8,0.58,0.52,0.5006
Virginia,26,0.615,28.5,20.1,-0.04,0,0,0.65,0.36,1.152328637,0.115,0.1,0.5,0.72,0.5391
Virginia Tech,26,0.462,29.8,31,1.55,20,0.15,-0.54,-0.89,1.255007458,0.183,0.2,0.68,0.64,0.4614
Wake Forest,26,0.538,32.8,33.3,2.41,0,0.06,-0.32,-0.68,1.147683937,0.167,0.6,0.74,0.69,0.4581
Washington,26,0.714,26.4,16.4,3.7,6,0.54,0.98,1.17,1.170227607,0.044,0.3,0.7,0.81,0.5338
Washington State,26,0.846,37.5,23.3,-0.04,0,1.24,-0.14,0.56,1.206893599,0.133,-0.2,0.49,0.61,0.5788
West Virginia,26,0.667,40.3,27.2,3.85,17,0.9,0.28,1.09,1.371216302,0.144,0.3,0.72,0.57,0.5074
Western Kentucky,26,0.25,21.1,27.8,-6.78,0,-0.84,-0.39,-0.82,1.132135019,0.156,0.2,0.47,0.69,0.5419
Western Michigan,26,0.538,32,34.5,-3.31,0,-0.02,-0.77,-0.66,1.18290486,0.226,-0.1,0.63,0.51,0.5587
Wisconsin,26,0.615,29.7,22.6,2.6,4,0.39,0.37,0.66,1.069959662,0.115,0.1,0.79,0.42,0.539
Wyoming,26,0.5,20.7,22,-2.12,0,-0.67,0.41,0.26,1.261320752,0.066,0.2,0.79,0.74,0.518
Air Force,26,0.417,31.4,32.4,-1.02,0,0.25,-1.05,-1.73,1.09893913,0.222,-1,0.33,0.18,0.558
Akron,26,0.5,22.1,28,-1.96,0,-0.81,-0.31,-1.46,1.309041804,0.16,0.6,0.63,0.51,0.4939
Alabama,4,0.929,37.1,11.9,5.46,1,1.22,1.61,2.17,1.164528526,0.029,1,0.64,0.59,0.487
Appalachian State,26,0.692,33.5,20.2,-7.72,0,-0.19,0.36,0.73,1.378339391,0.115,1.2,0.8,0.72,0.5161
Arizona,26,0.538,41.3,34.4,-0.98,0,1.07,-0.71,1.17,1.374494295,0.126,0,0.7,0.79,0.4682
Arizona State,26,0.538,31.8,32.8,3.72,0,0.37,-0.1,-0.38,1.22529987,0.188,0.2,0.72,0.7,0.5476
Arkansas,26,0.333,28.8,36.2,4.3,0,0.33,-0.66,-1.36,1.283216447,0.227,-0.1,0.55,0.58,0.5029
Arkansas State,26,0.583,37.8,25.8,-9.92,0,-0.36,-0.03,0.56,1.224313678,0.163,-0.5,0.78,0.5,0.4678
Army,26,0.769,30.7,22,-3,0,1.22,-0.88,-0.38,1.08055493,0.182,0.3,0.66,0.74,0.555
Auburn,7,0.714,33.9,18.5,6.38,12,0.9,1.54,1.65,1.138093405,0.063,0.3,0.72,0.6,0.5411
BYU,26,0.308,17.1,24.7,-1.37,0,-0.92,-0.18,-0.4,1.117794962,0.092,-0.9,0.34,0.7,0.4879
Ball State,26,0.167,17.9,40.7,-5.52,0,-0.96,-1.45,-2.52,1.123939319,0.233,-0.7,0.65,0.62,0.5113
Baylor,26,0.083,24.3,35.9,4.12,0,-0.28,-0.25,-1.33,1.42333723,0.202,-1.1,0.45,0.67,0.5164
Boise State,25,0.786,32.5,22.9,-0.48,0,0.35,0.2,1.01,1.133941502,0.063,0.9,0.6,0.5,0.4838
Boston College,26,0.538,25.7,22.8,7.08,0,0.06,0.84,-0.05,1.17658504,0.112,0.4,0.67,0.72,0.5021
Bowling Green,26,0.167,25.3,38,-2.36,0,-0.43,-1.09,-1.43,1.271289875,0.189,0.1,0.74,0.69,0.4222
Buffalo,26,0.5,28.5,24.8,-5.34,0,-0.16,-0.36,0.65,1.24177451,0.135,0.1,0.47,0.71,0.5185
California,26,0.417,27.8,28.4,1.76,0,-0.17,0.1,-0.54,1.229531635,0.143,0.2,0.38,0.78,0.4865
Central Michigan,26,0.615,28.5,27.5,-4.8,0,-0.46,0.02,0.51,1.362805489,0.114,-0.2,0.6,0.74,0.4375
Charlotte,26,0.083,14.2,32.8,-6,0,-1.33,-1.05,-1.86,1.263634038,0.168,-0.6,0.63,0.59,0.4316
Cincinnati,26,0.333,20.9,31.8,-0.76,0,-0.31,-0.9,-0.89,1.248823151,0.159,-0.6,0.7,0.64,0.4364
Clemson,1,0.857,33.3,13.6,6.84,5,0.9,1.61,1.47,1.128420483,0.068,0.2,0.32,0.62,0.5132
Coastal Carolina,26,0.25,23.7,34,-8.78,0,-0.42,-0.84,-0.01,1.280231951,0.119,-0.3,0.55,0.41,0.5216
Colorado,26,0.417,26.4,28.2,-0.36,0,-0.03,-0.41,-0.98,1.175030466,0.207,0.1,0.77,0.29,0.4658
Colorado State,26,0.538,33.4,27.8,-4.95,0,0.33,-0.75,-0.19,1.238195379,0.206,0.2,0.27,0.44,0.5609
Connecticut,26,0.25,23.6,37.9,-0.12,0,-1,-1,-1.27,-1,0.19,-0.6,-1,-1,-1
Duke,26,0.538,26.5,20.2,3.23,0,0.01,0.59,-0.33,1.130870847,0.106,-0.1,0.79,0.55,0.5288
East Carolina,26,0.25,24.9,45,-0.04,0,0.02,-1.86,-2.31,1.291183619,0.279,-0.7,0.37,0.61,0.5364
Eastern Michigan,26,0.417,26.1,23.3,-4.76,0,-0.66,0.19,0.2,1.19546481,0.115,-0.3,0.92,0.69,0.4824
Florida,26,0.364,22.1,27.3,5.37,17,-0.33,0.28,-0.81,1.219292907,0.137,-0.3,0.81,0.53,0.5279
Florida Atlantic,26,0.786,40.6,22.7,-4.78,0,0.83,-0.32,0.97,1.276580491,0.097,1,0.91,0.76,0.455
Florida International,26,0.615,25.6,28.5,-6.36,0,-0.16,-0.79,-0.47,1.228609354,0.169,-0.2,0.85,0.85,0.5226
Florida State,26,0.538,27.8,21.2,5.76,3,0.02,0.82,0.5,1.134093629,0.106,-0.7,0.6,0.8,0.5129
Fresno State,26,0.714,27.1,17.9,-1.68,0,-0.2,0.38,0.49,1.038412527,0.086,0.5,0.77,0.4,0.4825
Georgia,3,0.867,35.4,16.4,7.01,15,1.33,1.52,2.19,1.307782056,0.086,0.4,0.77,0.85,0.4803
Georgia Southern,26,0.167,20.8,32.2,-5.58,0,-0.62,-0.65,-2.03,1.094826533,0.23,0.2,0.35,0.57,0.624
Georgia State,26,0.583,20.3,24.8,-9.25,0,-0.77,-0.27,-0.13,1.238014951,0.138,0,0.65,0.62,0.4972
Georgia Tech,26,0.455,28.1,26.5,5.93,0,0.65,0.2,0.09,1.208432566,0.122,-0.8,0.62,0.82,0.6214
Hawaii,26,0.25,22.8,33.9,-5.34,0,-0.55,-1.58,-1.65,1.165249433,0.236,0,0.64,0.56,0.5534
Houston,26,0.583,28.3,23.8,-0.7,0,-0.12,0.54,0.6,1.272639307,0.11,-0.2,0.51,0.58,0.4605
Illinois,26,0.167,15.4,31.5,5.38,0,-0.9,-0.36,-1.54,1.097602301,0.106,-0.6,0.5,0.53,0.4818
Indiana,26,0.417,26.8,25.3,4.9,0,0.01,0.51,-0.03,1.182954471,0.131,-0.4,0.63,0.96,0.4727
Iowa,26,0.615,28.2,19.9,8.74,0,0.24,0.79,0.21,1.215723386,0.093,0.5,0.27,0.68,0.4895
Iowa State,26,0.615,29.2,20.9,3.85,0,0.43,0.53,0.41,1.212482786,0.096,0.7,0.86,0.65,0.5087
Kansas,26,0.083,18.7,43.4,4.23,0,-0.76,-0.77,-2.34,1.287608039,0.246,-1.4,0.78,0.38,0.4901
Kansas State,26,0.615,32.3,25.2,1.07,20,0.04,0.22,-0.15,1.235570851,0.143,0.6,0.79,0.61,0.5239
Kent State,26,0.167,12.8,35.1,-1.75,0,-1.51,-0.53,-2.02,1.17919255,0.19,-0.6,0.62,0.47,0.5422
Kentucky,26,0.538,25.5,28.2,2.92,0,0.04,-0.22,-0.51,1.252645221,0.195,0.1,0.87,0.76,0.5427
LSU,17,0.692,27.2,18.9,3.93,13,0.75,0.63,1.01,1.11001114,0.085,0.7,0.59,0.4,0.5487
Louisiana Tech,26,0.538,30.5,25.4,-5.98,0,-0.17,-0.39,-0.09,1.133198392,0.125,1.1,0.26,0.59,0.483
Louisiana,26,0.417,28.2,40,-8.35,0,-0.34,-1.07,-0.65,1.315045286,0.198,-0.3,0.4,0.69,0.512
Louisiana-Monroe,26,0.333,33.9,41,-4.88,0,0.41,-1.39,-0.74,1.299275404,0.238,-0.3,0.79,0.67,0.5116
Louisville,26,0.615,38.1,27.4,3.75,16,1.25,0.01,1.31,1.356936185,0.149,0.3,0.58,0.8,0.5161
Marshall,26,0.615,26.7,19.9,-6.44,0,-0.53,-0.06,0.53,1.318717441,0.11,-0.6,0.5,0.76,0.5322
Maryland,26,0.333,24.1,37.1,9.78,0,0.17,-0.37,-0.8,1.277271394,0.103,0,0.38,0.77,0.4469
Massachusetts,26,0.333,30.6,31.8,-7.03,0,-0.35,-0.36,0.03,1.36160443,0.122,0.1,0.74,0.84,0.454
Memphis,20,0.769,45.5,32.5,-0.79,0,0.81,0.13,1.47,1.513522522,0.149,1.2,0.87,0.51,0.4272
Miami (FL),26,0.769,29.1,21,6.29,18,0.35,0.88,1.47,1.317870041,0.088,0.9,0.37,0.55,0.4122
Miami (OH),26,0.417,24.4,24.1,-6.21,0,-0.44,-0.25,0.23,1.143213059,0.104,-0.1,0.82,0.75,0.5263
Michigan,26,0.615,25.2,18.8,6.98,11,-0.08,1.07,0.7,1.257974015,0.102,-0.3,0.46,0.22,0.5542
Michigan State,16,0.769,24.5,20,7.68,0,0.16,0.86,0.06,1.196051113,0.085,0.3,0.35,0.52,0.5759
Middle Tennessee State,26,0.538,25.5,24.7,-6.86,0,-0.65,-0.18,0.85,1.315595099,0.092,-0.9,0.81,0.59,0.4525
Minnesota,26,0.417,22.1,22.8,4.78,0,-0.25,0.1,-0.6,1.060936972,0.109,0,0.45,0.68,0.4932
Ole Miss,26,0.5,32.8,34.6,1.44,0,0.31,-0.25,0.36,1.297838451,0.167,-0.5,0.37,0.63,0.4424
Mississippi State,23,0.692,32,20.9,3.85,0,0.35,0.97,-0.21,1.063158855,0.178,-0.1,0.72,0.59,0.5612
Missouri,26,0.538,37.5,31.8,1.44,0,0.68,-0.22,1.1,1.349279626,0.158,-0.7,0.89,0.54,0.4216
Navy,26,0.538,30.5,26.3,2.69,0,0.6,-0.14,-0.21,1.144997109,0.188,-0.2,0.32,0.74,0.6009
Nebraska,26,0.333,25.8,36.4,8.18,0,0.26,-0.61,-0.88,1.274201194,0.115,-0.6,0.26,0.65,0.4788
Nevada,26,0.25,28.2,33.9,-2,0,-0.18,-0.8,0.13,1.333513894,0.167,0.1,0.61,0.81,0.4081
New Mexico,26,0.25,20.7,31.8,-2.38,0,-0.96,-0.72,-1.3,1.304160368,0.197,-1.5,0.66,0.33,0.5755
New Mexico State,26,0.538,29.3,29.7,-8.3,0,-1,-1,0.55,0,0.102,-0.2,-1,-1,-1
North Carolina,26,0.25,26,31.3,4.1,0,-0.35,-0.1,-1.46,1.287918866,0.176,-0.7,0.19,0.64,0.4392
North Carolina State,26,0.692,32.2,25.2,5.55,0,0.95,0.33,0.36,1.279725376,0.116,0.4,0.83,0.58,0.534
North Texas,26,0.643,35.5,35,-4.1,0,-0.06,-0.84,0.08,1.246118015,0.148,-0.9,0.63,0.69,0.5228
Northern Illinois,26,0.615,28.9,22,-4.32,0,-0.58,0.43,0.27,1.147791528,0.09,-0.2,0.38,0.74,0.478
Northwestern,21,0.769,29.2,20.1,5.13,0,0,0.77,0.16,1.119535149,0.089,0.5,0.67,0.77,0.5329
Notre Dame,14,0.769,34.2,21.5,8.94,0,1.03,0.85,1.46,1.414598776,0.083,0.2,0.58,0.56,0.4806
Ohio,26,0.692,39.1,24.2,-6.78,0,0.22,-0.21,0.94,1.22090108,0.133,-0.4,0.41,0.67,0.5047
Ohio State,5,0.857,41.1,19,7.89,2,1.4,1.3,2.6,1.164344077,0.054,0.4,0.68,0.57,0.4557
Oklahoma,2,0.857,45.1,27.1,5.26,7,2.11,0.09,2.35,1.384482426,0.168,0.4,0.6,0.73,0.5104
Oklahoma State,19,0.769,45,29.4,3.02,10,1.55,0.21,1.97,1.4580579,0.115,0.2,0.78,0.56,0.4627
Oregon,26,0.538,36,29,1.89,0,-0.01,0.24,0.11,1.201116124,0.14,0,0.76,0.91,0.5068
Oregon State,26,0.083,20.7,43,3.27,0,-0.57,-1.29,-1.8,1.141930826,0.218,-1.4,0.77,0.63,0.5145
Penn State,9,0.846,41.1,16.5,6.31,6,1.36,0.98,2.14,1.354955479,0.122,0.9,0.79,0.68,0.5039
Pitt,26,0.417,23.9,26.6,4.13,0,0,0.12,-0.42,0,0.154,0,0.44,0.44,0.5442
Purdue,26,0.538,25.2,20.5,6.21,0,0.03,0.75,0.42,1.173002408,0.094,0.3,0.55,0.76,0.4764
Rice,26,0.083,16.3,35.8,-4.29,0,-1.1,-1.52,-1.61,1.310523217,0.152,-1.9,0.53,0.78,0.4748
Rutgers,26,0.333,18,28.3,6.15,0,-0.63,0.04,-1.54,1.072327033,0.126,-0.7,0.6,0.76,0.4994
SMU,26,0.538,37.8,36.7,-0.76,0,0.62,-0.63,-0.39,1.359846235,0.218,0.2,0.94,0.59,0.4863
San Diego State,26,0.769,30.8,20.2,-3.87,0,-0.05,0.18,1.1,1.328238298,0.127,0.5,0.79,0.53,0.5324
San Jose State,26,0.154,15.8,41.7,-2.32,0,-1.44,-1.25,-2.11,0,0.153,-2.3,0.51,0.76,0.4314
South Alabama,26,0.333,19.8,26.5,-6.46,0,-1.27,-0.47,-1.57,1.115465901,0.167,0,0.46,0.58,0.5118
South Carolina,26,0.692,24.2,20.7,3.85,0,-0.01,0.55,0.43,1.126390901,0.053,0.7,0.91,0.72,0.4674
South Florida,26,0.833,38.3,23.5,-5.56,19,0.29,0.33,1.35,1.34498687,0.103,0.8,0.71,0.77,0.4782
Southern Mississippi,26,0.615,29.2,24.5,-8.18,0,-0.54,-0.23,0.29,1.267985559,0.12,-0.2,0.61,0.6,0.4961
Stanford,13,0.643,32.4,22.7,4.92,14,0.81,0.13,0.65,1.419263625,0.11,1.1,0.76,0.74,0.5116
Syracuse,26,0.333,27.4,32.2,5.8,0,0.09,-0.15,-1.49,1.253353848,0.182,-1,0.64,0.93,0.5154
Texas Christian,26,0.786,33.6,19,3.92,0,0.46,0.75,0.66,1.183277742,0.139,0.2,0.92,0.77,0.5032
Temple,26,0.538,25.1,25.8,-1.57,0,-0.49,0.36,0.24,1.280210631,0.092,-0.4,0.58,0.56,0.5286
Tennessee,26,0.333,19.8,29.1,3.41,25,-0.55,-0.01,-1.2,1.105499835,0.145,-0.1,0.42,0.61,0.4964
Texas,26,0.538,29.5,21.2,3.91,23,-0.52,1.15,-0.32,1.18313226,0.106,0.6,0.84,0.8,0.5072
Texas A&M,26,0.538,32.7,30.7,3.05,0,0.13,0.3,-0.21,1.302305644,0.17,0.1,0.39,0.64,0.4522
Texas State,26,0.167,17.3,33.6,-7.31,0,-0.96,-0.84,-1.68,1.265439216,0.22,-1.3,0.68,0.68,0.5156
Texas Tech,26,0.462,34.3,32.2,4.01,0,0.56,-0.17,-0.1,1.236697903,0.122,0.7,0.62,0.59,0.4938
Toledo,26,0.786,36.4,26.2,-5.04,0,0.43,-0.28,1.17,1.281844496,0.148,0.2,0.68,0.49,0.5594
Troy,26,0.846,31.5,18.5,-8.03,0,-0.16,0.32,1.02,1.256803358,0.093,0.7,0.93,0.56,0.471
Tulane,26,0.417,27.5,29.2,-0.57,0,-0.13,-0.09,-0.8,1.35297552,0.186,0.7,0.81,0.8,0.5776
Tulsa,26,0.167,29.3,37.5,0.04,0,0.09,-0.97,-1.58,1.235109118,0.254,0.1,0.29,0.75,0.4692
UAB,26,0.615,27.8,25.6,-10.62,0,-0.45,-0.43,0.13,1.17213373,0.13,0.3,-1,-1,0.4721
UCF,12,1,48.2,25.3,-0.8,0,1.08,0.63,2.11,1.427173813,0.107,1.3,0.78,0.38,0.4627
UCLA,26,0.462,32.5,36.6,4.41,0,0.59,-0.38,0.16,1.247459836,0.158,-0.7,0.68,0.4,0.461
Nevada-Las Vegas,26,0.417,28.8,31.8,-5.42,0,0.02,-1,-0.37,1.17462833,0.181,0.5,0.9,0.41,0.549
USC,26,0.786,32.6,26.1,5.09,4,0.64,0.36,1.01,1.283980922,0.133,-0.1,0.58,0.67,0.5115
UTEP,26,0,11.8,36.8,-3.67,0,-1.5,-1.21,-2.13,1.178950138,0.149,-0.5,0.57,0.71,0.4932
UTSA,26,0.545,23.5,17,-10.33,0,-0.86,-0.04,0.12,1.214374185,0.087,0.5,0.81,0.74,0.534
Utah,26,0.538,29.5,23.2,1.22,0,-0.28,0.52,0.23,1.080522455,0.126,0.1,0.59,0.37,0.5122
Utah State,26,0.462,30.2,26.9,-3.72,0,-0.76,0.18,0.22,1.261528341,0.092,0.4,0.76,0.56,0.4084
Vanderbilt,26,0.417,24.6,31.3,2.3,0,0.12,-0.53,-0.38,1.275365492,0.165,-0.6,0.94,0.68,0.5327
Virginia,26,0.462,22.5,28.4,3.55,0,-0.26,0.33,-0.67,1.233653772,0.088,-0.2,0.64,0.84,0.5185
Virginia Tech,22,0.692,28.2,14.8,2.41,21,0.07,0.94,0.07,1.107433214,0.1,0.3,0.34,0.79,0.5028
Wake Forest,26,0.615,35.3,28.3,6.03,0,0.69,0.3,0.68,1.235736771,0.145,0.7,0.97,0.69,0.4119
Washington,11,0.769,36.2,16.1,1.61,8,1.07,0.9,2.02,1.186811,0.033,0.8,0.75,0.5,0.4504
Washington State,18,0.692,30.3,25.8,2.39,24,-0.17,0.76,0.31,1.157664198,0.162,-0.3,0.67,0.72,0.508
West Virginia,26,0.538,34.5,31.5,3.07,22,0.41,-0.13,0.34,1.291525729,0.173,-0.6,0.3,0.25,0.4628
Western Kentucky,26,0.462,25.5,26.8,-9.61,0,-0.57,-0.57,-0.27,1.195944202,0.115,-0.6,0.46,0.62,0.5019
Western Michigan,26,0.5,33.9,29,-4.37,0,-0.26,-0.43,-0.63,1.126706586,0.201,0.8,0.15,0.78,0.5372
Wisconsin,6,0.929,33.8,13.9,6.18,9,0.71,1.3,1.8,1.180232848,0.085,0.4,0.66,0.68,0.5709
Wyoming,26,0.615,23.5,17.5,-4.65,0,-0.9,0.43,0.08,1.16043768,0.064,1.9,0.45,0.87,0.4525
Air Force,26,0.769,35.2,26.2,-4.53,0,0.26,-0.15,-0.07,1.031715543,0.194,0.7,0.34,0.85,0.6251
Akron,26,0.417,27.4,33.6,-3.93,0,-0.35,-0.86,-0.21,1.410243962,0.148,-0.5,0.74,0.52,0.6048
Alabama,2,0.933,38.8,13,7.29,1,1.03,1.88,2.51,1.210430378,0.066,0.6,0.46,0.66,0.6014
Appalachian State,26,0.769,29.2,17.8,-2.87,0,-0.09,0.39,1.14,1.167052975,0.118,0.6,0.72,0.75,0.5928
Arizona,26,0.25,24.8,38.3,5.2,0,0.45,-0.83,0.31,1.341100977,0.165,-1.2,0.6,0.57,0.5886
Arizona State,26,0.417,33.3,39.8,3.9,0,-0.21,-0.4,-2.01,1.236108573,0.26,-0.2,0.31,0.4,0.5688
Arkansas,26,0.538,30.3,31.1,4.35,0,0.59,-0.2,-1.04,1.309542092,0.182,-0.6,0.39,0.88,0.5662
Arkansas State,26,0.615,27.3,21.5,-5.64,0,-0.54,0.32,0.56,1.24976825,0.074,0.8,0.39,0.7,0.5586
Army,26,0.615,29.9,19.8,-6.41,0,-0.24,-0.1,-0.03,1.110586605,0.14,-0.2,0.59,0.81,0.5581
Auburn,24,0.615,31.2,17.1,5.51,0,0.62,0.85,0.6,1.082504419,0.105,0.2,0.61,0.55,0.5558
BYU,26,0.692,29.5,19.5,-1.19,0,0.01,0.43,-0.46,1.119430503,0.098,1.2,0.7,0.74,0.5439
Ball State,26,0.333,27,30.1,-5.86,0,-0.55,-0.55,-0.7,1.031378838,0.189,-1,0.77,0.86,0.5553
Baylor,26,0.538,34.6,29,0.39,23,0.4,0.03,0.02,1.227222871,0.162,-0.3,0.48,0.59,0.5551
Boise State,26,0.769,33.8,23.3,-0.91,0,0.71,0.36,2.07,1.306963974,0.085,-0.7,0.86,0.51,0.5516
Boston College,26,0.538,20.4,25,0.5,0,-0.89,0.54,-0.91,1.204961105,0.135,0.6,0.78,0.7,0.546
Bowling Green,26,0.333,24.8,38.3,-4.08,0,-0.68,-0.79,-1.18,1.10090139,0.17,-1.2,0.21,0.62,0.5459
Buffalo,26,0.167,16.5,32.3,-5.57,0,-1.04,-0.76,-0.96,1.191889712,0.165,-0.2,0.31,0.69,0.5451
California,26,0.417,37.1,42.6,5.92,0,0.7,-0.91,-0.94,1.186523768,0.238,0.3,0.19,0.47,0.5418
Central Michigan,26,0.462,26.3,30.3,-2.91,0,-0.46,-0.58,-0.47,1.314593776,0.178,-0.6,0.85,0.67,0.541
Charlotte,26,0.333,25.2,34.6,-5.76,0,-1.02,-0.73,-1.38,1.269581408,0.215,0.5,0.92,0.82,0.5401
Cincinnati,26,0.333,19.3,26.9,-1.58,0,-0.66,-0.08,-0.34,1.198383474,0.111,0.1,0.55,0.82,0.54
Clemson,1,0.933,39.2,18,6.55,2,1.28,1.1,1.61,1.143635749,0.114,-0.2,0.88,0.5,0.5382
Colorado,17,0.714,31.1,21.7,5.54,0,0.2,1.03,0.45,1.156136723,0.124,0.5,0.73,0.76,0.5371
Colorado State,26,0.538,35.3,30.4,-1.17,0,0.71,-0.64,0.67,1.288769212,0.157,-0.1,0.58,0.39,0.5365
Connecticut,26,0.25,14.8,28.1,-2.55,0,-1,-1,-1.15,-1,0.144,-0.6,-1,-1,-1
Duke,26,0.333,23.3,28.2,3.39,0,-0.21,0.04,-1.49,1.162243218,0.177,-0.1,0.71,0.72,0.5353
East Carolina,26,0.25,27,36.1,-0.11,0,0.07,-0.77,-0.94,1.287596864,0.216,-1.5,0.51,0.58,0.5347
Eastern Michigan,26,0.538,29.6,29.8,-4.07,0,-0.18,-0.56,-0.36,1.180095404,0.15,0,0.74,0.72,0.5324
Florida,14,0.692,23.9,16.8,4.75,25,-0.27,1.08,0.2,1.11830432,0.091,0.2,0.46,0.58,0.5286
Florida Atlantic,26,0.25,26.4,39.8,-5.68,0,-0.6,-1.39,-1.42,1.189580266,0.262,-0.5,0.54,0.61,0.5302
Florida International,26,0.333,24,34.8,-4.74,0,-0.88,-0.93,-1.18,1.200279573,0.185,-0.8,0.8,0.5,0.528
Florida State,8,0.769,35.1,25,6.16,4,0.96,0.76,1.01,1.283478091,0.126,0.1,0.77,0.52,0.5256
Fresno State,26,0.083,17.7,30.9,-2.42,0,-1.2,-0.72,-1.46,1.222157333,0.109,-0.8,0.66,0.6,0.5251
Georgia,26,0.615,24.5,24,2.57,18,-0.05,0.54,0.23,1.156049948,0.156,0.7,0.74,0.76,0.5218
Georgia Southern,26,0.417,26.6,26.5,-2.4,0,-0.48,-0.48,-1.19,1.162875252,0.19,0,0.86,0.38,0.525
Georgia State,26,0.25,19.9,26.6,-3.2,0,-0.78,-0.24,0.38,1.299105794,0.092,-0.6,0.45,0.69,0.5203
Georgia Tech,26,0.692,28.2,24.5,2.9,0,0.66,-0.16,0.81,1.301187206,0.114,0.5,0.89,0.4,0.5249
Hawaii,26,0.5,28.3,37.3,-3.44,0,-0.49,-0.67,-0.37,1.165249433,0.204,-0.7,0.66,0.68,0.5194
Houston,26,0.692,35.8,23.5,-1.95,15,0.24,0.46,0.32,1.249748626,0.112,-0.6,0.69,0.46,0.5194
Illinois,26,0.25,19.7,31.9,3.75,0,-0.73,-0.17,-0.82,1.244678142,0.168,-0.5,0.76,0.41,0.5188
Indiana,26,0.462,25.8,27.2,2.69,0,-0.22,0.44,0.51,1.26541328,0.124,-0.5,0.45,0.76,0.5188
Iowa,26,0.615,24.9,18.8,2.11,17,0.13,0.55,0.25,1.112019565,0.097,0.5,0.72,0.67,0.5181
Iowa State,26,0.25,27.7,31.3,1.65,0,0.16,-0.71,-0.62,1.196561721,0.207,0,0.56,0.69,0.5179
Kansas,26,0.167,20.3,37.3,2.52,0,-1.03,-0.23,-1.65,1.212940813,0.194,-1.4,0.78,0.83,0.5179
Kansas State,26,0.692,32.2,22.3,1.33,0,0.41,0.25,-0.2,1.117660104,0.101,0.9,0.67,0.65,0.5171
Kent State,26,0.25,20.6,28.7,-3.2,0,-0.84,-0.18,-0.67,1.195186593,0.104,0.9,0.81,0.83,0.5168
Kentucky,26,0.538,30,31.3,2.76,0,0.18,-0.31,0.21,1.311905504,0.15,-0.7,0.63,0.51,0.5156
LSU,13,0.667,28.3,15.8,5.85,5,0.69,1.49,2.04,1.302234594,0.071,0.1,0.89,0.86,0.5112
Louisiana Tech,26,0.643,44.3,33.6,-4.82,0,0.76,-0.75,1.52,1.255192073,0.145,0.4,0.42,0.35,0.5123
Louisiana,26,0.462,23.6,25.3,-4.95,0,-0.93,-0.2,-0.76,1.071207128,0.114,0,0.54,0.73,0.5127
Louisiana-Monroe,26,0.333,23.3,39.1,-2.55,0,-0.62,-1.28,-1.99,1.209134664,0.241,-0.9,0.8,0.41,0.5127
Louisville,21,0.692,42.5,23.8,2.1,19,0.93,0.69,2.32,1.348826562,0.116,-0.5,0.99,0.79,0.5122
Marshall,26,0.25,26.4,35.3,-4.59,0,-0.93,-0.98,-2.13,1.253900404,0.229,0.1,0.73,0.53,0.5104
Maryland,26,0.462,25.8,29.5,1.6,0,-0.04,-0.32,0.08,1.372584481,0.145,-0.6,0.9,0.42,0.5093
Massachusetts,26,0.167,23.3,35.5,-1.44,0,-0.4,-0.85,-1.06,1.385208818,0.167,-0.9,0.19,0.45,0.4492
Memphis,26,0.615,38.8,28.8,-1.11,0,0.64,-0.13,0.5,1.370963901,0.138,0.8,0.37,0.64,0.509
Miami (FL),20,0.692,34.3,18.5,2.82,0,0.3,0.71,1.19,1.286928375,0.08,0.7,0.77,0.61,0.5088
Miami (OH),26,0.462,22.8,23.8,-5.87,0,-0.32,-0.03,0.51,1.229841461,0.104,0,0.84,0.63,0.5071
Michigan,10,0.769,40.3,14.1,4.79,7,0.95,1.15,1.28,1.122726062,0.097,0.5,0.63,0.71,0.5058
Michigan State,26,0.25,24.1,27.8,4.29,12,0.32,-0.23,-0.44,1.205727882,0.178,-0.4,0.27,0.57,0.5057
Middle Tennessee State,26,0.615,39.7,35.8,-6.99,0,0.17,-0.88,0.45,1.389693212,0.152,-0.1,0.68,0.57,0.5053
Minnesota,26,0.692,29.3,22.1,1.65,0,-0.24,0.66,0.1,1.05717828,0.093,0.6,0.82,0.56,0.5044
Ole Miss,26,0.417,32.6,34,5.83,11,0.8,-0.19,-0.04,1.194831163,0.173,-0.3,0.69,0.54,0.5029
Mississippi State,26,0.462,30.4,31.8,2.76,0,0.5,-0.31,-0.54,1.237829924,0.163,0.6,0.38,0.63,0.5032
Missouri,26,0.333,31.4,31.5,2.58,0,0.13,-0.42,-0.28,1.286915919,0.135,-0.6,0.64,0.63,0.4992
Navy,26,0.643,37.9,31,-0.84,0,1.31,-0.84,0.46,1.199690402,0.153,0.1,0.34,0.57,0.4939
Nebraska,26,0.692,26.5,23.9,2.94,0,0.2,0.16,-0.28,1.219511911,0.146,0.4,0.9,0.59,0.4923
Nevada,26,0.417,25.4,29,-6.87,0,-0.16,-1.31,-1.24,1.123199587,0.192,0.3,0.96,0.67,0.491
New Mexico,26,0.692,36.7,31.5,-5.44,0,0.31,-1.06,0.16,1.380664823,0.184,-0.3,0.76,0.73,0.4907
New Mexico State,26,0.25,24.8,38.8,-2.29,0,-1,-1,-1.46,0,0.197,0.1,-1,-1,-1
North Carolina,26,0.615,32.3,24.9,1.79,22,0.52,-0.05,0.72,1.400447685,0.12,-0.5,0.51,0.66,0.498
North Carolina State,26,0.538,27,22.8,3.49,0,0.25,0.48,0.48,1.252591268,0.109,0.1,0.48,0.68,0.4931
North Texas,26,0.385,24.8,32.6,-4.56,0,-0.74,-0.87,-1.25,1.23753119,0.206,0.1,0.43,0.77,0.4902
Northern Illinois,26,0.417,30.5,30.3,-3.64,0,-0.14,-0.38,-0.18,1.190384378,0.162,0,0.84,0.61,0.498
Northwestern,26,0.538,26,22.2,3.07,0,0.35,0.52,0.34,1.278469442,0.116,0.6,0.7,0.47,0.4899
Notre Dame,26,0.333,30.9,27.8,3.94,10,0.43,0.08,0.61,1.26199183,0.108,-0.3,0.61,0.37,0.4898
Ohio,26,0.571,26.3,22.6,-5.56,0,-0.72,0.15,0.53,1.223150604,0.103,0.1,0.48,0.41,0.4888
Ohio State,6,0.846,39.4,15.5,6.59,6,0.9,1.44,1.41,1.070840358,0.056,1.2,0.29,0.36,0.4887
Oklahoma,5,0.846,43.9,28.8,3.6,3,1.57,-0.02,2.04,1.336624285,0.158,0,0.71,0.6,0.4883
Oklahoma State,11,0.769,38.6,26.5,1.7,21,0.72,0.18,0.89,1.295473218,0.183,0.7,0.78,0.62,0.4879
Oregon,26,0.333,35.4,41.4,5.12,24,0.91,-1.12,-0.23,1.410521392,0.186,-0.2,0.67,0.74,0.4834
Oregon State,26,0.333,26.2,30.5,5.11,0,0.04,0.04,-0.49,1.217104568,0.151,-0.3,0.7,0.68,0.4821
Penn State,7,0.786,37.6,25.4,5.44,0,0.7,0.51,1.46,1.347633274,0.089,0.1,0.5,0.61,0.4816
Pitt,26,0.615,40.9,35.2,3.51,0,1.11,-0.47,0.8,0,0.174,0,0.7,0.79,0.4799
Purdue,26,0.25,24.6,38.3,1.29,0,-0.22,-0.82,-1.4,1.283859852,0.244,-1.8,0.64,0.66,0.4793
Rice,26,0.25,25.3,37.3,-4.34,0,-0.81,-1.12,-2.33,1.16048569,0.264,-0.8,0.5,0.82,0.4777
Rutgers,26,0.167,15.7,37.5,4.95,0,-0.91,-0.25,-2.25,1.081226404,0.195,-0.5,0.82,0.89,0.4766
SMU,26,0.417,27.7,36.3,-0.34,0,-0.21,-0.1,-0.39,1.203217939,0.214,0,0.93,0.63,0.4732
San Diego State,25,0.786,35.2,20.2,-5.17,0,-0.15,0.37,1.15,1.216532062,0.103,1,0.52,0.79,0.4713
San Jose State,26,0.333,24.4,34.7,-2.61,0,-0.86,-0.84,-1.41,0,0.225,-0.6,0.68,0.56,0.4701
South Alabama,26,0.462,25.4,27,-5.26,0,-0.37,-0.64,-0.46,1.260167108,0.144,-0.1,0.37,0.66,0.4749
South Carolina,26,0.462,20.8,26.5,2.01,0,-0.66,0.43,-0.75,1.170192074,0.112,0.6,0.49,0.46,0.4745
South Florida,19,0.846,43.8,31.6,-2.7,0,0.93,-0.22,0.95,1.499666774,0.135,0.6,0.89,0.66,0.474
Southern Mississippi,26,0.538,32.8,29.5,-5.04,0,-0.26,-0.27,0.17,1.328759115,0.226,-1.3,0.68,0.72,0.4725
Stanford,12,0.769,26.3,20.4,5.23,8,0.02,0.69,0.59,1.20039815,0.08,0.2,0.33,0.61,0.469
Syracuse,26,0.333,25.7,38.6,4.57,0,0.11,-0.49,-2.28,1.308775065,0.273,0,0.91,0.75,0.4654
Texas Christian,26,0.462,31,28,1.47,13,0.03,0.4,0.57,1.171404545,0.121,-0.3,0.47,0.71,0.4524
Temple,26,0.714,32.4,18.4,-3.32,0,0.34,0.35,1.25,1.283377112,0.117,0.2,0.72,0.53,0.4647
Tennessee,22,0.692,36.4,28.8,4.44,9,0.7,0.07,1.44,1.282663523,0.151,-0.3,0.85,0.79,0.4634
Texas,26,0.417,31.9,31.5,2.42,0,-0.03,0.21,0.31,1.048199934,0.166,-0.3,0.79,0.79,0.4631
Texas A&M,26,0.615,34.8,24.5,3.77,0,0.38,0.3,0.12,1.330729894,0.135,0.3,0.58,0.7,0.4629
Texas State,26,0.167,18.6,41.1,-3.36,0,-1.22,-1.38,-2.27,1.219129183,0.169,-1.4,0.51,0.62,0.4617
Texas Tech,26,0.417,43.7,43.5,1.5,0,1.08,-1.2,-0.91,1.357511947,0.273,-0.5,0.68,0.67,0.4608
Toledo,26,0.692,38,25.7,-3.75,0,0.97,-0.39,1.5,1.296513112,0.145,-0.2,0.63,0.4,0.4596
Troy,26,0.769,33.7,22.1,-4.67,0,-0.16,0.34,0.48,1.100852973,0.097,0.8,0.57,0.5,0.4535
Tulane,26,0.333,24.1,27.7,-2.21,0,-0.64,0.07,-0.76,1.175501216,0.139,0.5,0.27,0.71,0.453
Tulsa,26,0.769,42.5,29.8,-3.71,0,0.7,-0.01,0.91,1.222386175,0.135,0,0.72,0.67,0.4524
UCF,26,0.462,28.8,24.6,-1.86,0,-0.72,0.61,-0.12,1.269690459,0.099,0,0.88,0.87,0.5418
UCLA,26,0.333,24.9,27.5,5.13,16,-0.24,0.64,0.55,1.327163715,0.076,-0.2,0.62,0.79,0.4486
Nevada-Las Vegas,26,0.333,31.6,36.8,-3.8,0,-0.3,-1.12,-0.65,1.246695847,0.202,0,0.56,0.61,0.4449
USC,3,0.769,34.4,24.2,7.04,20,0.93,0.58,1.13,1.206425466,0.126,0,0.55,0.74,0.4441
UTEP,26,0.333,26.3,34.9,-7.25,0,-0.65,-1.34,-0.68,1.33466135,0.205,-0.5,0.89,0.57,0.4508
UTSA,26,0.462,29.2,27.9,-5.07,0,-0.47,-0.26,-0.76,1.214374185,0.143,0.5,0.61,0.59,0.4496
Utah,23,0.692,29.8,23.9,2.19,0,0.03,0.44,0.02,1.170997321,0.157,0.4,0.23,0.73,0.4424
Utah State,26,0.25,23.9,29.3,0.1,0,-0.39,-0.31,0.12,1.355202014,0.148,-0.5,0.59,0.42,0.4402
Vanderbilt,26,0.462,23,24,3.06,0,-0.26,0.4,-0.82,1.140361277,0.108,0.2,0.6,0.79,0.4363
Virginia,26,0.167,22.5,33.8,1.84,0,-0.46,-0.07,-1.66,1.179744613,0.171,-0.5,0.8,0.6,0.4316
Virginia Tech,16,0.714,35,22.8,2.43,0,0.29,0.8,0.76,1.12578223,0.133,-0.1,0.67,0.76,0.4376
Wake Forest,26,0.538,20.4,22.2,1.8,0,-0.49,0.49,-0.64,1.153700299,0.113,0.8,0.89,0.78,0.4202
Washington,4,0.857,41.8,17.7,3.98,14,1.12,1.19,2.55,1.223857173,0.058,1.2,0.75,0.77,0.3802
Washington State,26,0.615,38.2,26.4,3.18,0,0.97,0.27,0,1.22669398,0.131,0.5,0.87,0.66,0.4071
West Virginia,18,0.769,31.2,24,2.03,0,0.41,0.49,0.78,1.247596612,0.103,0.3,0.85,0.34,0.4286
Western Kentucky,26,0.786,45.5,24.6,-4.03,0,1.01,-0.01,2.13,1.361735946,0.149,0.1,0.47,0.59,0.4304
Western Michigan,15,0.929,41.6,19.8,-4.61,0,1.1,0.02,0.76,1.120749944,0.153,1.4,0.77,0.6,0.4302
Wisconsin,9,0.786,28.4,15.6,5.3,0,0.49,1.15,0.52,1.110653122,0.096,0.9,0.35,0.53,0.3655
Wyoming,26,0.571,35.9,34.1,-0.99,0,0.03,-0.25,-0.7,1.329105832,0.205,0.2,0.61,0.79,0.4084
Air Force,26,0.571,33.8,25.5,-3.14,0,0.15,-0.13,0.25,1.180968747,0.185,-0.5,0.61,0.45,0.5632
Akron,26,0.615,23.9,21.5,-4.44,0,-0.61,0.28,0.01,1.218091614,0.096,0.8,0.63,0.59,0.522
Alabama,2,0.933,35.1,15.1,7.46,3,0.7,1.57,1.49,1.162807208,0.09,0.5,0.26,0.64,0.5125
Appalachian State,26,0.846,36.7,19.1,-7.34,0,0.1,0.46,1.99,1.310601474,0.098,0.2,-1,-1,0.4879
Arizona,26,0.538,37.4,35.8,1.12,22,0.41,-0.55,0.5,1.34760404,0.142,-0.6,0.72,0.55,0.4121
Arizona State,26,0.462,34.6,33.5,4.45,15,0.37,0.24,-0.73,1.213624654,0.207,0.3,0.47,0.66,0.5027
Arkansas,26,0.615,35.9,27.4,6.02,18,1.49,-0.02,0.61,1.243325295,0.129,0.3,0.81,0.56,0.5892
Arkansas State,26,0.692,40,30.2,-6.26,0,-0.25,0.01,-0.03,1.234228189,0.201,0.5,0.88,0.57,0.4973
Army,26,0.167,22.1,27.8,-5.9,0,-0.75,-0.37,-0.47,1.211611051,0.175,-0.8,0.46,0.72,0.5309
Auburn,26,0.538,27.5,26,5.39,6,0.3,0.49,-0.1,1.065842346,0.079,0.3,0.34,0.57,0.4824
BYU,26,0.692,33.7,22.8,0.66,0,0.24,0.38,0.65,1.311872935,0.084,0.1,0.51,0.54,0.461
Ball State,26,0.25,23.1,35.8,-1.16,0,-0.52,-0.89,-1.57,1.066204876,0.169,0,0.96,0.7,0.4767
Baylor,17,0.769,48.1,28.3,0.31,4,1.27,0.52,1.89,1.325393795,0.098,0.2,0.54,0.85,0.436
Boise State,26,0.692,39.1,20.2,-4.66,23,0.07,0.53,0.95,1.21173097,0.152,0.7,0.58,0.76,0.5385
Boston College,26,0.25,17.2,15.3,2.11,0,-1.31,1.26,-0.79,1.234153213,0.094,0,0.31,0.49,0.4853
Bowling Green,26,0.714,42.2,28.9,-0.34,0,1.25,-0.16,1.15,1.345584115,0.1,0.9,0.94,0.43,0.4519
Buffalo,26,0.417,26.7,27.6,-4.56,0,-0.5,-0.41,-0.98,1.105606069,0.182,-0.3,0.73,0.38,0.4887
California,26,0.615,37.9,30.7,4.92,0,1.01,-0.13,0.98,1.264758597,0.163,0.2,0.84,0.79,0.4526
Central Michigan,26,0.538,25.8,22,-1.8,0,-0.24,0.08,0.38,1.247305835,0.118,0.2,0.63,0.68,0.5475
Charlotte,26,0.167,17.5,36.3,-7.03,0,-1.74,-0.64,-1.74,1.120844526,0.153,-1.1,0.89,0.84,0.4608
Cincinnati,26,0.538,33.8,31.2,-0.65,0,0.36,-0.27,0.56,1.21967641,0.136,-1.5,0.83,0.64,0.5231
Clemson,1,0.933,38.5,21.7,5.21,12,0.98,1.04,1.77,1.167542644,0.127,0.1,0.64,0.4,0.5049
Colorado,26,0.308,24.6,27.5,1.33,0,-0.44,-0.08,-1.03,1.080395655,0.152,-0.1,0.75,0.8,0.5229
Colorado State,26,0.538,29.6,27.2,-5.78,0,-0.15,-0.44,-0.41,1.113213009,0.148,-0.8,0.52,0.75,0.5018
Connecticut,26,0.462,17.2,19.5,-1.37,0,-1,-1,-0.05,-1,0.109,0.7,-1,-1,-1
Duke,26,0.615,31.5,25.4,-0.75,0,-0.2,-0.11,-0.29,1.150350943,0.139,-0.1,0.34,0.78,0.504
East Carolina,26,0.417,27.4,26,-0.93,0,-0.2,-0.04,0.09,1.218579236,0.075,-0.5,0.41,0.64,0.4698
Eastern Michigan,26,0.083,25.4,42.1,-3.83,0,-0.43,-1.77,-1.72,1.28535607,0.233,-1.1,0.52,0.62,0.4734
Florida,19,0.714,23.2,18.3,4.94,0,-0.15,0.81,0.45,1.290799994,0.099,0.6,0.53,0.75,0.5396
Florida Atlantic,26,0.25,22.5,28.8,-4.74,0,-1.06,-0.3,-0.55,1.11685986,0.17,-0.2,0.65,0.49,0.5162
Florida International,26,0.417,25.5,29.8,-8.12,0,-0.77,-0.98,-1.02,1.206439373,0.155,0.2,0.66,0.72,0.4819
Florida State,9,0.769,31.7,17.5,1.97,10,0.5,0.73,1.73,1.270772461,0.086,-0.1,0.38,0.6,0.4772
Fresno State,26,0.25,22.3,38.1,-1.79,0,-0.7,-0.79,-1.39,1.265581631,0.182,-0.1,0.31,0.52,0.4914
Georgia,26,0.769,26.3,16.9,1.83,9,0.08,0.9,0.86,1.158063726,0.058,0.5,0.55,0.55,0.4817
Georgia Southern,26,0.692,36.5,23.5,-5.42,0,0.22,0.22,0.72,1.343077445,0.168,0.2,-1,-1,0.5171
Georgia State,26,0.462,26.9,28.3,-7.15,0,-0.53,-0.15,1.05,1.395498702,0.093,-0.2,0.75,0.94,0.503
Georgia Tech,26,0.25,29.3,25.8,4.6,16,-0.24,0.24,-0.6,1.255123723,0.117,-0.8,0.48,0.75,0.526
Hawaii,26,0.231,17.6,35.6,-2.71,0,-1.29,-0.79,-1,1.165249433,0.128,-1.9,0.74,0.66,0.4178
Houston,18,0.929,40.4,20.7,-3.04,0,0.61,0.55,0.72,1.301417186,0.134,1.6,0.45,0.69,0.4904
Illinois,26,0.417,22.7,23.3,3.26,0,-0.33,0.33,-0.21,1.194164194,0.096,0.5,0.61,0.7,0.4802
Indiana,26,0.462,36.5,37.6,3.03,0,0.41,-0.33,-0.04,1.220138675,0.193,0.5,0.6,0.56,0.5142
Iowa,5,0.857,30.9,20.4,1.51,0,0.3,0.62,0.88,1.237464758,0.107,0.9,0.43,0.59,0.5694
Iowa State,26,0.25,25,32.7,4.28,0,-0.1,-0.01,-0.69,1.185184991,0.189,-1,0.7,0.65,0.5281
Kansas,26,0,15.3,46.1,3.87,0,-0.96,-1.08,-3.01,1.20929311,0.283,-0.4,0.2,0.38,0.4768
Kansas State,26,0.462,29.9,31.5,2.06,0,0.03,-0.11,-1.28,1.087066243,0.174,-0.3,0.25,0.6,0.5419
Kent State,26,0.25,13.1,26.1,-1.96,0,-1.32,-0.1,-1.21,1.231668806,0.088,-0.3,0.71,0.88,0.4869
Kentucky,26,0.417,24.7,27.4,0.41,0,-0.1,-0.22,-0.4,1.339076829,0.138,0,0.79,0.72,0.5202
LSU,20,0.75,32.8,24.3,6.79,14,0.8,0.8,1.37,1.292271799,0.122,0.6,0.86,0.6,0.5237
Louisiana Tech,26,0.692,37.5,26.8,-5.94,0,0.1,0.21,1.65,1.264658353,0.094,0,0.56,0.61,0.4906
Louisiana,26,0.333,26.4,31.8,-7.38,0,-0.71,-0.84,-1.2,1.179541922,0.144,-0.8,0.4,0.38,0.5096
Louisiana-Monroe,26,0.154,21,36.5,-4.42,0,-1.4,-0.56,-1.32,1.304507133,0.161,-1.5,0.37,0.76,0.5018
Louisville,26,0.615,28.7,24.1,3.23,0,0.05,0.55,0.88,1.342786199,0.128,-0.3,0.5,0.5,0.475
Marshall,26,0.769,31.3,17.8,-8.24,0,-0.53,0.4,0.58,1.129362546,0.076,0.4,0.35,0.56,0.4817
Maryland,26,0.25,24.7,34.4,6.83,0,-0.46,0.12,-0.58,1.365796862,0.17,-1.5,0.41,0.59,0.4752
Massachusetts,26,0.25,22.2,31.4,-2.6,0,-0.65,-0.4,-0.16,1.226418777,0.11,-0.1,0.9,0.9,0.4757
Memphis,26,0.692,40.2,27.3,0.16,0,0.52,0.18,0.2,1.230677819,0.171,0.4,0.79,0.45,0.4564
Miami (FL),26,0.615,27.8,28.2,3.38,0,-0.13,0.18,-0.45,1.240575765,0.204,0.9,0.61,0.65,0.513
Miami (OH),26,0.25,17.9,32,-3.11,0,-1.2,-0.23,-0.7,1.309787218,0.159,-1.3,0.37,0.7,0.4425
Michigan,26,0.769,31.4,16.4,4.57,0,0.6,0.72,1.17,1.185307223,0.096,-0.3,0.66,0.53,0.5055
Michigan State,3,0.857,29.8,21.7,6.58,5,0.53,0.7,0.26,1.245703431,0.113,1,0.71,0.49,0.5269
Middle Tennessee State,26,0.538,34,26.6,-4.09,0,-0.04,-0.16,0.33,1.322525189,0.164,-0.3,0.7,0.7,0.5204
Minnesota,26,0.462,22.5,25.2,4.84,0,-0.16,0.27,0.44,1.18588772,0.084,-0.3,0.57,0.71,0.4966
Ole Miss,12,0.769,40.8,22.6,4.42,17,1.1,0.77,1.98,1.224495577,0.088,0,0.62,0.58,0.4341
Mississippi State,26,0.692,34.4,23.2,4.74,0,0.83,0.58,0.79,1.246668295,0.109,-0.2,0.67,0.6,0.4401
Missouri,26,0.417,13.6,16.2,3.04,24,-0.82,0.84,-0.38,1.092858509,0.055,-0.1,0.57,0.53,0.4552
Navy,21,0.846,36.8,21.8,-1.55,0,1.33,0.08,0.71,1.201200456,0.14,1.5,0.67,0.58,0.5153
Nebraska,26,0.462,32.8,27.8,3.94,0,0.38,0.1,0.22,1.271168305,0.146,-0.9,0.71,0.63,0.5382
Nevada,26,0.538,26.2,26.8,-6.11,0,-0.4,-0.36,-0.32,1.154585842,0.131,0.8,0.38,0.54,0.4912
New Mexico,26,0.538,29.9,28.4,-5.84,0,-0.39,-0.46,-0.88,1.343833337,0.211,0.1,0.62,0.48,0.5358
New Mexico State,26,0.25,28.6,45,-5.29,0,-1,-1,-1.26,0,0.239,0.1,-1,-1,-1
North Carolina,10,0.786,40.7,24.5,1.09,0,0.98,0.22,1.79,1.319372622,0.11,0.3,0.92,0.81,0.3835
North Carolina State,26,0.538,33.2,25.8,0.83,0,0.53,0.06,-0.22,1.332861671,0.193,0.8,0.71,0.73,0.5567
North Texas,26,0.083,15.2,41.3,-2.91,0,-1.49,-1.06,-2.24,1.096549316,0.193,-0.5,0.69,0.54,0.4663
Northern Illinois,26,0.571,31.1,27.6,-1.95,0,-0.33,0.23,-0.09,1.221957999,0.088,0.1,0.68,0.81,0.4405
Northwestern,13,0.769,19.5,18.6,4.23,0,-0.68,0.99,-0.16,1.168418057,0.093,0,0.46,0.78,0.4572
Notre Dame,8,0.769,34.2,24.1,6.1,11,1.17,0.2,1.71,1.327643217,0.155,-0.5,0.56,0.85,0.5127
Ohio,26,0.615,27.5,25.3,-3.69,0,-0.38,0,-0.35,1.185580353,0.157,0.3,0.84,0.86,0.5774
Ohio State,7,0.923,35.7,15.1,3.81,1,0.63,0.96,1.91,1.198556282,0.072,0.2,0.82,0.72,0.4644
Oklahoma,4,0.846,43.5,22,4.38,19,1.08,0.94,1.96,1.306740851,0.089,0.7,0.73,0.61,0.4936
Oklahoma State,16,0.769,39.5,30.5,1.57,0,0.74,0.14,0.31,1.379581204,0.141,1.2,0.66,0.77,0.4909
Oregon,15,0.692,43,37.5,4.74,7,1.02,-0.14,0.69,1.265302551,0.127,0.3,0.66,0.49,0.4411
Oregon State,26,0.167,19,37,5.51,0,-0.49,-0.75,-1.72,1.168822961,0.219,-0.4,0.53,0.33,0.4411
Penn State,26,0.538,23.2,21.8,4.77,0,-0.09,0.57,1,1.293764156,0.057,0.3,0.8,0.66,0.5321
Pitt,26,0.615,28.2,26.1,3.78,0,0.25,0.06,-0.3,0,0.165,0.3,0.73,0.71,0.5288
Purdue,26,0.167,25.1,36.5,4.41,0,-0.18,-0.59,-1.97,1.163437128,0.203,-0.5,0.78,0.63,0.4833
Rice,26,0.417,26.1,35.8,-7.05,0,-0.35,-1.47,-2.28,1.191891476,0.289,-1.1,0.68,0.33,0.5917
Rutgers,26,0.333,27.1,34.9,3.1,0,-0.09,-0.94,-2.16,1.14033123,0.197,-0.2,0.47,0.54,0.4945
SMU,26,0.167,27.8,45.7,0.62,0,-0.09,-1.01,-1.4,1.346438722,0.26,-1,0.81,0.76,0.5852
San Diego State,26,0.786,32.1,16.4,-6.02,0,-0.12,0.53,0.61,1.155205439,0.11,1.3,0.57,0.75,0.537
San Jose State,26,0.462,27.9,27.2,-4.37,0,0.02,-0.68,-0.22,0,0.142,-0.4,0.8,0.6,0.5666
South Alabama,26,0.417,25,37.3,-3.72,0,-0.78,-0.47,-1.04,1.184642924,0.168,-0.5,0.51,0.36,0.4898
South Carolina,26,0.25,21.9,27.5,3.74,0,0.16,-0.24,-0.4,1.325036626,0.144,0.5,0.3,0.67,0.4752
South Florida,26,0.615,33.6,22.9,-0.74,0,0.27,0.36,0.74,1.265719489,0.139,0.8,0.36,0.79,0.4644
Southern Mississippi,26,0.643,39.9,25.6,-6.22,0,0.46,-0.1,1.39,1.508679419,0.154,-0.1,0.83,0.58,0.5317
Stanford,6,0.857,37.8,22.6,5.17,21,1.44,0.36,1.52,1.167740551,0.122,0.1,0.73,0.33,0.6006
Syracuse,26,0.333,27.3,31,3.91,0,-0.06,-0.34,-0.98,1.163512669,0.188,0.2,0.74,0.31,0.4897
Texas Christian,26,0.846,42.1,27.2,1.39,2,0.49,0.55,1.18,1.238711119,0.149,-0.2,0.87,0.5,0.4702
Temple,24,0.714,29.8,20.1,-1.63,0,-0.2,0.51,0.44,1.283549235,0.106,0.2,0.77,0.9,0.5437
Tennessee,23,0.692,35.2,20,3.1,25,0.79,0.57,0.5,1.193602505,0.107,0.4,0.76,0.76,0.5095
Texas,26,0.417,26.4,30.3,4.84,0,-0.37,0.38,-0.35,1.218099487,0.128,0.9,0.56,0.46,0.4877
Texas A&M,26,0.615,27.8,22,4.47,0,0.05,0.89,0.08,1.164565629,0.115,-0.3,0.56,0.64,0.4785
Texas State,26,0.25,26.9,39.2,-5.16,0,-0.69,-1.52,-1.77,1.252914072,0.221,-0.6,0.74,0.51,0.4895
Texas Tech,26,0.538,45.1,43.6,2.89,0,1.15,-0.8,-0.17,1.318480183,0.206,-0.1,0.8,0.83,0.4521
Toledo,26,0.833,35,20.8,-1.51,0,0.3,0.69,1.16,1.231311048,0.076,0.7,0.73,0.8,0.4906
Troy,26,0.333,27.9,28.3,-4.68,0,-0.59,-0.28,0.09,1.180123008,0.128,-0.1,0.7,0.74,0.4568
Tulane,26,0.25,19.7,36.3,-2.42,0,-0.98,-0.47,-1.09,1.341385747,0.154,0.1,0.74,0.55,0.4842
Tulsa,26,0.462,37.2,39.8,-2.05,0,0.12,-0.7,-0.61,1.306222316,0.196,0.3,0.94,0.57,0.4813
UCF,26,0,13.9,37.7,-0.68,0,-1.58,-1.11,-2.85,1.114959221,0.228,-1.5,0.51,0.26,0.4709
UCLA,26,0.615,32.2,26,4.27,13,0.38,0.42,1.13,1.279024484,0.074,0,0.62,0.62,0.416
Nevada-Las Vegas,26,0.25,28.6,33.7,-3.33,0,-0.51,-0.88,-1.25,1.258059788,0.185,-0.2,0.58,0.47,0.5356
USC,25,0.571,33.9,25.7,7.39,8,0.72,0.44,0.33,1.220235669,0.123,0.8,0.68,0.7,0.485
UTEP,26,0.417,20.7,32.9,-8.11,0,-1.23,-0.7,-1.8,1.184358929,0.27,-1.3,0.24,0.5,0.5408
UTSA,26,0.25,22.6,33.8,-6.27,0,-0.95,-0.52,-1.05,1.214374185,0.155,-0.1,0.35,0.48,0.4884
Utah,22,0.769,30.6,22.3,4.32,0,-0.03,0.82,-0.09,1.090450709,0.095,1,0.66,0.61,0.5593
Utah State,26,0.462,29,26.7,-1.92,0,0,0.09,0.43,1.271192278,0.102,-0.2,0.63,0.55,0.465
Vanderbilt,26,0.333,15.2,21,4.23,0,-0.95,0.99,-1.13,1.116898608,0.104,-0.6,0.74,0.91,0.5657
Virginia,26,0.333,25.8,32.2,4.14,0,-0.13,0.04,-0.94,1.249788208,0.205,-0.6,0.52,0.46,0.5576
Virginia Tech,26,0.538,31,26.3,1.65,0,-0.28,0.27,-0.49,1.16209603,0.141,0.1,0.78,0.72,0.5055
Wake Forest,26,0.25,17.4,24.6,3.55,0,-0.83,0.14,-1.31,1.280511729,0.167,-1.2,0.69,0.68,0.5147
Washington,26,0.538,30.6,18.8,4.27,0,-0.01,1.03,0.73,1.27598196,0.064,0.4,0.43,0.44,0.4801
Washington State,26,0.692,31.5,27.7,1.48,0,0.29,0.45,0.35,1.167512265,0.131,0.1,0.58,0.57,0.534
West Virginia,26,0.615,34,24.6,2.21,0,0.16,0.96,0.7,1.150703135,0.139,0.8,0.34,0.77,0.4907
Western Kentucky,26,0.857,44.3,25.9,-4.02,0,1.21,-0.01,1.67,1.301553798,0.125,1,0.74,0.79,0.4993
Western Michigan,26,0.615,36,28.3,-0.08,0,0.59,-0.28,-0.05,1.270248639,0.227,0.2,0.93,0.6,0.5864
Wisconsin,26,0.769,26.8,13.7,1.39,20,-0.03,0.85,1.04,1.078392024,0.083,0.2,0.7,0.76,0.5504
Wyoming,26,0.167,19,34,-3.53,0,-0.64,-1.01,-1.29,1.29965484,0.175,-1,0.3,0.46,0.4992
